"Date","Time","Conductivity","Units","Speed: 2 RPM"
"43033","0.39575231481481","0","NO UNIT","Amount: 0.9 g per liter"
"43033","0.39576388888889","0.209","mS","Mixed all at once"
"43033","0.39577546296296","0.209","mS",""
"43033","0.39578703703704","0.209","mS",""
"43033","0.39579861111111","0.209","mS",""
"43033","0.39581018518519","0.208","mS",""
"43033","0.39582175925926","0.208","mS",""
"43033","0.39583333333333","0.208","mS",""
"43033","0.39584490740741","0.209","mS",""
"43033","0.39585648148148","0.209","mS",""
"43033","0.39586805555556","0.209","mS",""
"43033","0.39587962962963","0.209","mS",""
"43033","0.3958912037037","0.209","mS",""
"43033","0.39590277777778","0.208","mS",""
"43033","0.39591435185185","0.208","mS",""
"43033","0.39592592592593","0.208","mS",""
"43033","0.3959375","0.208","mS",""
"43033","0.39594907407407","0.208","mS",""
"43033","0.39596064814815","0.208","mS",""
"43033","0.39597222222222","0.208","mS",""
"43033","0.3959837962963","0.209","mS",""
"43033","0.39599537037037","0.209","mS",""
"43033","0.39600694444444","0.209","mS",""
"43033","0.39601851851852","0.208","mS",""
"43033","0.39603009259259","0.208","mS",""
"43033","0.39604166666667","0.208","mS",""
"43033","0.39605324074074","0.208","mS",""
"43033","0.39606481481481","0.208","mS",""
"43033","0.39607638888889","0.207","mS",""
"43033","0.39608796296296","0.207","mS",""
"43033","0.39609953703704","0.206","mS",""
"43033","0.39611111111111","0.206","mS",""
"43033","0.39612268518519","0.206","mS",""
"43033","0.39613425925926","0.206","mS",""
"43033","0.39614583333333","0.206","mS",""
"43033","0.39615740740741","0.206","mS",""
"43033","0.39616898148148","0.206","mS",""
"43033","0.39618055555556","0.206","mS",""
"43033","0.39619212962963","0.205","mS",""
"43033","0.3962037037037","0.205","mS",""
"43033","0.39621527777778","0.205","mS",""
"43033","0.39622685185185","0.205","mS",""
"43033","0.39623842592593","0.205","mS",""
"43033","0.39625","0.205","mS",""
"43033","0.39626157407407","0.205","mS",""
"43033","0.39627314814815","0.204","mS",""
"43033","0.39628472222222","0.204","mS",""
"43033","0.3962962962963","0.204","mS",""
"43033","0.39630787037037","0.204","mS",""
"43033","0.39631944444444","0.204","mS",""
"43033","0.39633101851852","0.203","mS",""
"43033","0.39634259259259","0.203","mS",""
"43033","0.39635416666667","0.203","mS",""
"43033","0.39636574074074","0.202","mS",""
"43033","0.39637731481481","0.202","mS",""
"43033","0.39638888888889","0.202","mS",""
"43033","0.39640046296296","0.202","mS",""
"43033","0.39641203703704","0.202","mS",""
"43033","0.39642361111111","0.201","mS",""
"43033","0.39643518518519","0.201","mS",""
"43033","0.39644675925926","0.201","mS",""
"43033","0.39645833333333","0.201","mS",""
"43033","0.39646990740741","0.201","mS",""
"43033","0.39648148148148","0.201","mS",""
"43033","0.39649305555556","0.201","mS",""
"43033","0.39650462962963","0.201","mS",""
"43033","0.3965162037037","0.201","mS",""
"43033","0.39652777777778","0.201","mS",""
"43033","0.39653935185185","0.201","mS",""
"43033","0.39655092592593","0.201","mS",""
"43033","0.3965625","0.201","mS",""
"43033","0.39657407407407","0.201","mS",""
"43033","0.39658564814815","0.201","mS",""
"43033","0.39659722222222","0.201","mS",""
"43033","0.3966087962963","0.201","mS",""
"43033","0.39662037037037","0.201","mS",""
"43033","0.39663194444444","0.201","mS",""
"43033","0.39664351851852","0.201","mS",""
"43033","0.39665509259259","0.2","mS",""
"43033","0.39666666666667","0.2","mS",""
"43033","0.39667824074074","0.2","mS",""
"43033","0.39668981481481","0.2","mS",""
"43033","0.39670138888889","0.2","mS",""
"43033","0.39671296296296","0.2","mS",""
"43033","0.39672453703704","0.2","mS",""
"43033","0.39673611111111","0.2","mS",""
"43033","0.39674768518519","0.2","mS",""
"43033","0.39675925925926","0.2","mS",""
"43033","0.39677083333333","0.199","mS",""
"43033","0.39678240740741","0.199","mS",""
"43033","0.39679398148148","0.199","mS",""
"43033","0.39680555555556","0.199","mS",""
"43033","0.39681712962963","0.199","mS",""
"43033","0.3968287037037","0.199","mS",""
"43033","0.39684027777778","0.199","mS",""
"43033","0.39685185185185","0.199","mS",""
"43033","0.39686342592593","0.199","mS",""
"43033","0.396875","0.199","mS",""
"43033","0.39688657407407","0.199","mS",""
"43033","0.39689814814815","0.199","mS",""
"43033","0.39690972222222","0.199","mS",""
"43033","0.3969212962963","0.199","mS",""
"43033","0.39693287037037","0.199","mS",""
"43033","0.39694444444444","0.199","mS",""
"43033","0.39695601851852","0.199","mS",""
"43033","0.39696759259259","0.199","mS",""
"43033","0.39697916666667","0.199","mS",""
"43033","0.39699074074074","0.199","mS",""
"43033","0.39700231481481","0.199","mS",""
"43033","0.39701388888889","0.199","mS",""
"43033","0.39702546296296","0.199","mS",""
"43033","0.39703703703704","0.199","mS",""
"43033","0.39704861111111","0.198","mS",""
"43033","0.39706018518519","0.198","mS",""
"43033","0.39707175925926","0.198","mS",""
"43033","0.39708333333333","0.199","mS",""
"43033","0.39709490740741","0.199","mS",""
"43033","0.39710648148148","0.199","mS",""
"43033","0.39711805555556","0.199","mS",""
"43033","0.39712962962963","0.199","mS",""
"43033","0.3971412037037","0.199","mS",""
"43033","0.39715277777778","0.199","mS",""
"43033","0.39716435185185","0.198","mS",""
"43033","0.39717592592593","0.198","mS",""
"43033","0.3971875","0.199","mS",""
"43033","0.39719907407407","0.199","mS",""
"43033","0.39721064814815","0.199","mS",""
"43033","0.39722222222222","0.198","mS",""
"43033","0.3972337962963","0.198","mS",""
"43033","0.39724537037037","0.198","mS",""
"43033","0.39725694444444","0.198","mS",""
"43033","0.39726851851852","0.198","mS",""
"43033","0.39728009259259","0.198","mS",""
"43033","0.39729166666667","0.198","mS",""
"43033","0.39730324074074","0.199","mS",""
"43033","0.39731481481481","0.199","mS",""
"43033","0.39732638888889","0.198","mS",""
"43033","0.39733796296296","0.198","mS",""
"43033","0.39734953703704","0.198","mS",""
"43033","0.39736111111111","0.198","mS",""
"43033","0.39737268518519","0.198","mS",""
"43033","0.39738425925926","0.198","mS",""
"43033","0.39739583333333","0.198","mS",""
"43033","0.39740740740741","0.198","mS",""
"43033","0.39741898148148","0.197","mS",""
"43033","0.39743055555556","0.197","mS",""
"43033","0.39744212962963","0.197","mS",""
"43033","0.3974537037037","0.197","mS",""
"43033","0.39746527777778","0.197","mS",""
"43033","0.39747685185185","0.197","mS",""
"43033","0.39748842592593","0.197","mS",""
"43033","0.3975","0.197","mS",""
"43033","0.39751157407407","0.197","mS",""
"43033","0.39752314814815","0.197","mS",""
"43033","0.39753472222222","0.197","mS",""
"43033","0.3975462962963","0.197","mS",""
"43033","0.39755787037037","0.197","mS",""
"43033","0.39756944444444","0.197","mS",""
"43033","0.39758101851852","0.197","mS",""
"43033","0.39759259259259","0.197","mS",""
"43033","0.39760416666667","0.197","mS",""
"43033","0.39761574074074","0.199","mS",""
"43033","0.39762731481481","0.199","mS",""
"43033","0.39763888888889","0.199","mS",""
"43033","0.39765046296296","0.204","mS",""
"43033","0.39766203703704","0.204","mS",""
"43033","0.39767361111111","0.218","mS",""
"43033","0.39768518518519","0.218","mS",""
"43033","0.39769675925926","0.218","mS",""
"43033","0.39770833333333","0.257","mS",""
"43033","0.39771990740741","0.257","mS",""
"43033","0.39773148148148","0.323","mS",""
"43033","0.39774305555556","0.323","mS",""
"43033","0.39775462962963","0.323","mS",""
"43033","0.3977662037037","0.355","mS",""
"43033","0.39777777777778","0.355","mS",""
"43033","0.39778935185185","0.369","mS",""
"43033","0.39780092592593","0.369","mS",""
"43033","0.3978125","0.369","mS",""
"43033","0.39782407407407","0.381","mS",""
"43033","0.39783564814815","0.381","mS",""
"43033","0.39784722222222","0.391","mS",""
"43033","0.3978587962963","0.391","mS",""
"43033","0.39787037037037","0.391","mS",""
"43033","0.39788194444444","0.4","mS",""
"43033","0.39789351851852","0.4","mS",""
"43033","0.39790509259259","0.43","mS",""
"43033","0.39791666666667","0.43","mS",""
"43033","0.39792824074074","0.43","mS",""
"43033","0.39793981481481","0.507","mS",""
"43033","0.39795138888889","0.507","mS",""
"43033","0.39796296296296","0.585","mS",""
"43033","0.39797453703704","0.585","mS",""
"43033","0.39798611111111","0.585","mS",""
"43033","0.39799768518519","0.59","mS",""
"43033","0.39800925925926","0.59","mS",""
"43033","0.39802083333333","0.595","mS",""
"43033","0.39803240740741","0.595","mS",""
"43033","0.39804398148148","0.595","mS",""
"43033","0.39805555555556","0.597","mS",""
"43033","0.39806712962963","0.597","mS",""
"43033","0.3980787037037","0.602","mS",""
"43033","0.39809027777778","0.602","mS",""
"43033","0.39810185185185","0.602","mS",""
"43033","0.39811342592593","0.602","mS",""
"43033","0.398125","0.602","mS",""
"43033","0.39813657407407","0.572","mS",""
"43033","0.39814814814815","0.572","mS",""
"43033","0.39815972222222","0.572","mS",""
"43033","0.3981712962963","0.53","mS",""
"43033","0.39818287037037","0.53","mS",""
"43033","0.39819444444444","0.504","mS",""
"43033","0.39820601851852","0.504","mS",""
"43033","0.39821759259259","0.504","mS",""
"43033","0.39822916666667","0.522","mS",""
"43033","0.39824074074074","0.522","mS",""
"43033","0.39825231481481","0.527","mS",""
"43033","0.39826388888889","0.527","mS",""
"43033","0.39827546296296","0.527","mS",""
"43033","0.39828703703704","0.512","mS",""
"43033","0.39829861111111","0.512","mS",""
"43033","0.39831018518519","0.53","mS",""
"43033","0.39832175925926","0.53","mS",""
"43033","0.39833333333333","0.53","mS",""
"43033","0.39834490740741","0.53","mS",""
"43033","0.39835648148148","0.53","mS",""
"43033","0.39836805555556","0.533","mS",""
"43033","0.39837962962963","0.533","mS",""
"43033","0.3983912037037","0.533","mS",""
"43033","0.39840277777778","0.527","mS",""
"43033","0.39841435185185","0.527","mS",""
"43033","0.39842592592593","0.527","mS",""
"43033","0.3984375","0.527","mS",""
"43033","0.39844907407407","0.527","mS",""
"43033","0.39846064814815","0.52","mS",""
"43033","0.39847222222222","0.52","mS",""
"43033","0.3984837962963","0.538","mS",""
"43033","0.39849537037037","0.538","mS",""
"43033","0.39850694444444","0.538","mS",""
"43033","0.39851851851852","0.601","mS",""
"43033","0.39853009259259","0.601","mS",""
"43033","0.39854166666667","0.629","mS",""
"43033","0.39855324074074","0.629","mS",""
"43033","0.39856481481481","0.629","mS",""
"43033","0.39857638888889","0.631","mS",""
"43033","0.39858796296296","0.631","mS",""
"43033","0.39859953703704","0.683","mS",""
"43033","0.39861111111111","0.683","mS",""
"43033","0.39862268518519","0.683","mS",""
"43033","0.39863425925926","0.71","mS",""
"43033","0.39864583333333","0.71","mS",""
"43033","0.39865740740741","0.725","mS",""
"43033","0.39866898148148","0.725","mS",""
"43033","0.39868055555556","0.744","mS",""
"43033","0.39869212962963","0.744","mS",""
"43033","0.3987037037037","0.744","mS",""
"43033","0.39871527777778","0.772","mS",""
"43033","0.39872685185185","0.772","mS",""
"43033","0.39873842592593","0.804","mS",""
"43033","0.39875","0.804","mS",""
"43033","0.39876157407407","0.804","mS",""
"43033","0.39877314814815","0.823","mS",""
"43033","0.39878472222222","0.823","mS",""
"43033","0.3987962962963","0.831","mS",""
"43033","0.39880787037037","0.831","mS",""
"43033","0.39881944444444","0.831","mS",""
"43033","0.39883101851852","0.839","mS",""
"43033","0.39884259259259","0.839","mS",""
"43033","0.39885416666667","0.838","mS",""
"43033","0.39886574074074","0.838","mS",""
"43033","0.39887731481481","0.838","mS",""
"43033","0.39888888888889","0.819","mS",""
"43033","0.39890046296296","0.819","mS",""
"43033","0.39891203703704","0.827","mS",""
"43033","0.39892361111111","0.827","mS",""
"43033","0.39893518518519","0.827","mS",""
"43033","0.39894675925926","0.87","mS",""
"43033","0.39895833333333","0.87","mS",""
"43033","0.39896990740741","0.903","mS",""
"43033","0.39898148148148","0.903","mS",""
"43033","0.39899305555556","0.913","mS",""
"43033","0.39900462962963","0.913","mS",""
"43033","0.3990162037037","0.913","mS",""
"43033","0.39902777777778","0.912","mS",""
"43033","0.39903935185185","0.912","mS",""
"43033","0.39905092592593","0.909","mS",""
"43033","0.3990625","0.909","mS",""
"43033","0.39907407407407","0.909","mS",""
"43033","0.39908564814815","0.892","mS",""
"43033","0.39909722222222","0.892","mS",""
"43033","0.3991087962963","0.887","mS",""
"43033","0.39912037037037","0.887","mS",""
"43033","0.39913194444444","0.887","mS",""
"43033","0.39914351851852","0.885","mS",""
"43033","0.39915509259259","0.885","mS",""
"43033","0.39916666666667","0.878","mS",""
"43033","0.39917824074074","0.878","mS",""
"43033","0.39918981481481","0.878","mS",""
"43033","0.39920138888889","0.881","mS",""
"43033","0.39921296296296","0.881","mS",""
"43033","0.39922453703704","0.899","mS",""
"43033","0.39923611111111","0.899","mS",""
"43033","0.39924768518519","0.899","mS",""
"43033","0.39925925925926","0.906","mS",""
"43033","0.39927083333333","0.906","mS",""
"43033","0.39928240740741","0.914","mS",""
"43033","0.39929398148148","0.914","mS",""
"43033","0.39930555555556","0.914","mS",""
"43033","0.39931712962963","0.938","mS",""
"43033","0.3993287037037","0.938","mS",""
"43033","0.39934027777778","0.94","mS",""
"43033","0.39935185185185","0.94","mS",""
"43033","0.39936342592593","0.94","mS",""
"43033","0.41049768518519","0","NO UNIT",""
"43033","0.41050925925926","0","NO UNIT",""
"43033","0.41052083333333","0","mS",""
"43033","0.41053240740741","0","mS",""
"43033","0.41054398148148","0","mS",""
"43033","0.41055555555556","0","mS",""
"43033","0.41056712962963","0","mS",""
"43033","0.4105787037037","0","mS",""
"43033","0.41059027777778","0","mS",""
"43033","0.41060185185185","0","mS",""
"43033","0.41061342592593","0","mS",""
"43033","0.410625","0","mS",""
"43033","0.41063657407407","0","mS",""
"43033","0.41064814814815","0","mS",""
"43033","0.41065972222222","0","mS",""
"43033","0.4106712962963","0","mS",""
"43033","0.41068287037037","0","mS",""
"43033","0.41069444444444","0","mS",""
"43033","0.41070601851852","0","mS",""
"43033","0.41071759259259","0","mS",""
"43033","0.41072916666667","0","mS",""
"43033","0.41074074074074","0","mS",""
"43033","0.41075231481481","0","mS",""
"43033","0.41076388888889","0","mS",""
"43033","0.41077546296296","0","mS",""
"43033","0.41078703703704","0","mS",""
"43033","0.41079861111111","0","mS",""
"43033","0.41081018518519","0","mS",""
"43033","0.41082175925926","0","mS",""
"43033","0.41083333333333","0","mS",""
"43033","0.41084490740741","0","mS",""
"43033","0.41085648148148","0","mS",""
"43033","0.41086805555556","0","mS",""
"43033","0.41087962962963","0","mS",""
"43033","0.4108912037037","0","mS",""
"43033","0.41090277777778","0","mS",""
"43033","0.41091435185185","0","mS",""
"43033","0.41092592592593","0","mS",""
"43033","0.4109375","0","mS",""
"43033","0.41094907407407","0","mS",""
"43033","0.41096064814815","0","mS",""
"43033","0.41097222222222","0","mS",""
"43033","0.4109837962963","0","mS",""
"43033","0.41099537037037","0","mS",""
"43033","0.41100694444444","0","mS",""
"43033","0.41101851851852","0","mS",""
"43033","0.41103009259259","0","mS",""
"43033","0.41104166666667","0","mS",""
"43033","0.41105324074074","0","mS",""
"43033","0.41106481481481","0","mS",""
"43033","0.41107638888889","0","mS",""
"43033","0.41107638888889","0","mS",""
"43033","0.41108796296296","0","mS",""
"43033","0.41109953703704","0","mS",""
"43033","0.41111111111111","0","mS",""
"43033","0.41112268518519","0","mS",""
"43033","0.41113425925926","0","mS",""
"43033","0.41113425925926","0","mS",""
"43033","0.41114583333333","0","mS",""
"43033","0.41115740740741","0","mS",""
"43033","0.41392361111111","0","mS",""
"43033","0.41393518518519","0","mS",""
"43033","0.41394675925926","0","mS",""
"43033","0.41395833333333","0.015","mS",""
"43033","0.41396990740741","0.015","mS",""
"43033","0.41398148148148","0.015","mS",""
"43033","0.41399305555556","0.089","mS",""
"43033","0.41400462962963","0.089","mS",""
"43033","0.4140162037037","0.061","mS",""
"43033","0.41402777777778","0.061","mS",""
"43033","0.41403935185185","0.061","mS",""
"43033","0.41405092592593","0","mS",""
"43033","0.4140625","0","mS",""
"43033","0.41407407407407","0","mS",""
"43033","0.41408564814815","0.174","mS",""
"43033","0.41409722222222","0.174","mS",""
"43033","0.4141087962963","0.144","mS",""
"43033","0.41412037037037","0.144","mS",""
"43033","0.41413194444444","0.144","mS",""
"43033","0.41414351851852","0.194","mS",""
"43033","0.41415509259259","0.194","mS",""
"43033","0.41416666666667","0.194","mS",""
"43033","0.41417824074074","0.194","mS",""
"43033","0.41418981481481","0.194","mS",""
"43033","0.41420138888889","0.194","mS",""
"43033","0.41421296296296","0.194","mS",""
"43033","0.41422453703704","0.195","mS",""
"43033","0.41423611111111","0.195","mS",""
"43033","0.41424768518519","0.195","mS",""
"43033","0.41425925925926","0.195","mS",""
"43033","0.41427083333333","0.195","mS",""
"43033","0.41428240740741","0.195","mS",""
"43033","0.41429398148148","0.195","mS",""
"43033","0.41430555555556","0.195","mS",""
"43033","0.41431712962963","0.195","mS",""
"43033","0.4143287037037","0.195","mS",""
"43033","0.41434027777778","0.195","mS",""
"43033","0.41435185185185","0.195","mS",""
"43033","0.41436342592593","0.195","mS",""
"43033","0.414375","0.195","mS",""
"43033","0.41438657407407","0.195","mS",""
"43033","0.41439814814815","0.195","mS",""
"43033","0.41440972222222","0.195","mS",""
"43033","0.4144212962963","0.195","mS",""
"43033","0.41443287037037","0.195","mS",""
"43033","0.41444444444444","0.195","mS",""
"43033","0.41445601851852","0.195","mS",""
"43033","0.41446759259259","0.195","mS",""
"43033","0.41447916666667","0.195","mS",""
"43033","0.41449074074074","0.195","mS",""
"43033","0.41450231481481","0.195","mS",""
"43033","0.41451388888889","0.195","mS",""
"43033","0.41452546296296","0.195","mS",""
"43033","0.41453703703704","0.195","mS",""
"43033","0.41454861111111","0.195","mS",""
"43033","0.41456018518519","0.195","mS",""
"43033","0.41457175925926","0.195","mS",""
"43033","0.41458333333333","0.195","mS",""
"43033","0.41459490740741","0.195","mS",""
"43033","0.41460648148148","0.195","mS",""
"43033","0.41461805555556","0.195","mS",""
"43033","0.41462962962963","0.195","mS",""
"43033","0.4146412037037","0.195","mS",""
"43033","0.41465277777778","0.195","mS",""
"43033","0.41466435185185","0.195","mS",""
"43033","0.41467592592593","0.195","mS",""
"43033","0.4146875","0.195","mS",""
"43033","0.41469907407407","0.195","mS",""
"43033","0.41471064814815","0.196","mS",""
"43033","0.41472222222222","0.196","mS",""
"43033","0.4147337962963","0.196","mS",""
"43033","0.41474537037037","0.195","mS",""
"43033","0.41475694444444","0.195","mS",""
"43033","0.41476851851852","0.195","mS",""
"43033","0.41478009259259","0.195","mS",""
"43033","0.41479166666667","0.195","mS",""
"43033","0.41480324074074","0.195","mS",""
"43033","0.41481481481481","0.195","mS",""
"43033","0.41482638888889","0.195","mS",""
"43033","0.41483796296296","0.195","mS",""
"43033","0.41484953703704","0.195","mS",""
"43033","0.41486111111111","0.195","mS",""
"43033","0.41487268518519","0.195","mS",""
"43033","0.41488425925926","0.196","mS",""
"43033","0.41489583333333","0.196","mS",""
"43033","0.41490740740741","0.195","mS",""
"43033","0.41491898148148","0.195","mS",""
"43033","0.41493055555556","0.195","mS",""
"43033","0.41494212962963","0.195","mS",""
"43033","0.4149537037037","0.195","mS",""
"43033","0.41496527777778","0.195","mS",""
"43033","0.41497685185185","0.195","mS",""
"43033","0.41498842592593","0.195","mS",""
"43033","0.415","0.195","mS",""
"43033","0.41501157407407","0.195","mS",""
"43033","0.41502314814815","0.195","mS",""
"43033","0.41503472222222","0.195","mS",""
"43033","0.4150462962963","0.197","mS",""
"43033","0.41505787037037","0.197","mS",""
"43033","0.41506944444444","0.197","mS",""
"43033","0.41508101851852","0.196","mS",""
"43033","0.41509259259259","0.196","mS",""
"43033","0.41510416666667","0.196","mS",""
"43033","0.41511574074074","0.196","mS",""
"43033","0.41512731481481","0.196","mS",""
"43033","0.41513888888889","0.196","mS",""
"43033","0.41515046296296","0.196","mS",""
"43033","0.41516203703704","0.196","mS",""
"43033","0.41517361111111","0.196","mS",""
"43033","0.41518518518519","0.196","mS",""
"43033","0.41519675925926","0.195","mS",""
"43033","0.41520833333333","0.195","mS",""
"43033","0.41521990740741","0.197","mS",""
"43033","0.41523148148148","0.197","mS",""
"43033","0.41524305555556","0.195","mS",""
"43033","0.41525462962963","0.195","mS",""
"43033","0.4152662037037","0.195","mS",""
"43033","0.41527777777778","0.196","mS",""
"43033","0.41528935185185","0.196","mS",""
"43033","0.41530092592593","0.196","mS",""
"43033","0.4153125","0.196","mS",""
"43033","0.41532407407407","0.196","mS",""
"43033","0.41533564814815","0.195","mS",""
"43033","0.41534722222222","0.195","mS",""
"43033","0.4153587962963","0.195","mS",""
"43033","0.41537037037037","0.195","mS",""
"43033","0.41538194444444","0.196","mS",""
"43033","0.41539351851852","0.196","mS",""
"43033","0.41540509259259","0.196","mS",""
"43033","0.41541666666667","0.195","mS",""
"43033","0.41542824074074","0.195","mS",""
"43033","0.41543981481481","0.196","mS",""
"43033","0.41545138888889","0.196","mS",""
"43033","0.41546296296296","0.196","mS",""
"43033","0.41547453703704","0.194","mS",""
"43033","0.41548611111111","0.194","mS",""
"43033","0.41549768518519","0.196","mS",""
"43033","0.41550925925926","0.196","mS",""
"43033","0.41552083333333","0.196","mS",""
"43033","0.41553240740741","0.196","mS",""
"43033","0.41554398148148","0.196","mS",""
"43033","0.41555555555556","0.197","mS",""
"43033","0.41556712962963","0.197","mS",""
"43033","0.4155787037037","0.194","mS",""
"43033","0.41559027777778","0.194","mS",""
"43033","0.41560185185185","0.194","mS",""
"43033","0.41561342592593","0.194","mS",""
"43033","0.415625","0.194","mS",""
"43033","0.41563657407407","0.196","mS",""
"43033","0.41564814814815","0.196","mS",""
"43033","0.41565972222222","0.196","mS",""
"43033","0.4156712962963","0.196","mS",""
"43033","0.41568287037037","0.196","mS",""
"43033","0.41569444444444","0.196","mS",""
"43033","0.41570601851852","0.196","mS",""
"43033","0.41571759259259","0.197","mS",""
"43033","0.41572916666667","0.197","mS",""
"43033","0.41574074074074","0.197","mS",""
"43033","0.41575231481481","0.196","mS",""
"43033","0.41576388888889","0.196","mS",""
"43033","0.41577546296296","0.196","mS",""
"43033","0.41578703703704","0.196","mS",""
"43033","0.41579861111111","0.196","mS",""
"43033","0.41581018518519","0.196","mS",""
"43033","0.41582175925926","0.196","mS",""
"43033","0.41583333333333","0.195","mS",""
"43033","0.41584490740741","0.195","mS",""
"43033","0.41585648148148","0.195","mS",""
"43033","0.41586805555556","0.195","mS",""
"43033","0.41587962962963","0.195","mS",""
"43033","0.4158912037037","0.196","mS",""
"43033","0.41590277777778","0.196","mS",""
"43033","0.41591435185185","0.196","mS",""
"43033","0.41592592592593","0.196","mS",""
"43033","0.4159375","0.196","mS",""
"43033","0.41594907407407","0.195","mS",""
"43033","0.41596064814815","0.195","mS",""
"43033","0.41597222222222","0.195","mS",""
"43033","0.4159837962963","0.195","mS",""
"43033","0.41599537037037","0.195","mS",""
"43033","0.41600694444444","0.196","mS",""
"43033","0.41601851851852","0.196","mS",""
"43033","0.41603009259259","0.195","mS",""
"43033","0.41604166666667","0.195","mS",""
"43033","0.41605324074074","0.195","mS",""
"43033","0.41606481481481","0.195","mS",""
"43033","0.41607638888889","0.195","mS",""
"43033","0.41608796296296","0.195","mS",""
"43033","0.41609953703704","0.195","mS",""
"43033","0.41611111111111","0.195","mS",""
"43033","0.41612268518519","0.196","mS",""
"43033","0.41613425925926","0.196","mS",""
"43033","0.41614583333333","0.196","mS",""
"43033","0.41615740740741","0.196","mS",""
"43033","0.41616898148148","0.196","mS",""
"43033","0.41618055555556","0.194","mS",""
"43033","0.41619212962963","0.194","mS",""
"43033","0.4162037037037","0.194","mS",""
"43033","0.41621527777778","0.194","mS",""
"43033","0.41622685185185","0.194","mS",""
"43033","0.41623842592593","0.196","mS",""
"43033","0.41625","0.196","mS",""
"43033","0.41626157407407","0.196","mS",""
"43033","0.41627314814815","0.196","mS",""
"43033","0.41628472222222","0.196","mS",""
"43033","0.4162962962963","0.196","mS",""
"43033","0.41630787037037","0.196","mS",""
"43033","0.41631944444444","0.195","mS",""
"43033","0.41633101851852","0.195","mS",""
"43033","0.41634259259259","0.195","mS",""
"43033","0.41635416666667","0.194","mS",""
"43033","0.41636574074074","0.194","mS",""
"43033","0.41637731481481","0.196","mS",""
"43033","0.41638888888889","0.196","mS",""
"43033","0.41640046296296","0.196","mS",""
"43033","0.41641203703704","0.196","mS",""
"43033","0.41642361111111","0.196","mS",""
"43033","0.41643518518519","0.196","mS",""
"43033","0.41644675925926","0.196","mS",""
"43033","0.41645833333333","0.196","mS",""
"43033","0.41646990740741","0.196","mS",""
"43033","0.41648148148148","0.196","mS",""
"43033","0.41649305555556","0.196","mS",""
"43033","0.41650462962963","0.196","mS",""
"43033","0.4165162037037","0.196","mS",""
"43033","0.41652777777778","0.196","mS",""
"43033","0.41653935185185","0.196","mS",""
"43033","0.41655092592593","0.194","mS",""
"43033","0.4165625","0.194","mS",""
"43033","0.41657407407407","0.194","mS",""
"43033","0.41658564814815","0.196","mS",""
"43033","0.41659722222222","0.196","mS",""
"43033","0.4166087962963","0.196","mS",""
"43033","0.41662037037037","0.196","mS",""
"43033","0.41663194444444","0.196","mS",""
"43033","0.41664351851852","0.196","mS",""
"43033","0.41665509259259","0.196","mS",""
"43033","0.41666666666667","0.196","mS",""
"43033","0.41667824074074","0.196","mS",""
"43033","0.41668981481481","0.196","mS",""
"43033","0.41670138888889","0.196","mS",""
"43033","0.41671296296296","0.196","mS",""
"43033","0.41672453703704","0.196","mS",""
"43033","0.41673611111111","0.196","mS",""
"43033","0.41674768518519","0.196","mS",""
"43033","0.41675925925926","0.196","mS",""
"43033","0.41677083333333","0.196","mS",""
"43033","0.41678240740741","0.196","mS",""
"43033","0.41679398148148","0.196","mS",""
"43033","0.41680555555556","0.196","mS",""
"43033","0.41681712962963","0.196","mS",""
"43033","0.4168287037037","0.196","mS",""
"43033","0.41684027777778","0.196","mS",""
"43033","0.41685185185185","0.196","mS",""
"43033","0.41686342592593","0.196","mS",""
"43033","0.416875","0.195","mS",""
"43033","0.41688657407407","0.195","mS",""
"43033","0.41689814814815","0.196","mS",""
"43033","0.41690972222222","0.196","mS",""
"43033","0.4169212962963","0.196","mS",""
"43033","0.41693287037037","0.197","mS",""
"43033","0.41694444444444","0.197","mS",""
"43033","0.41695601851852","0.196","mS",""
"43033","0.41696759259259","0.196","mS",""
"43033","0.41697916666667","0.196","mS",""
"43033","0.41699074074074","0.196","mS",""
"43033","0.41700231481481","0.196","mS",""
"43033","0.41701388888889","0.196","mS",""
"43033","0.41702546296296","0.196","mS",""
"43033","0.41703703703704","0.196","mS",""
"43033","0.41704861111111","0.196","mS",""
"43033","0.41706018518519","0.196","mS",""
"43033","0.41707175925926","0.197","mS",""
"43033","0.41708333333333","0.197","mS",""
"43033","0.41709490740741","0.197","mS",""
"43033","0.41710648148148","0.196","mS",""
"43033","0.41711805555556","0.196","mS",""
"43033","0.41712962962963","0.196","mS",""
"43033","0.4171412037037","0.196","mS",""
"43033","0.41715277777778","0.196","mS",""
"43033","0.41716435185185","0.196","mS",""
"43033","0.41717592592593","0.196","mS",""
"43033","0.4171875","0.197","mS",""
"43033","0.41719907407407","0.197","mS",""
"43033","0.41721064814815","0.197","mS",""
"43033","0.41722222222222","0.196","mS",""
"43033","0.4172337962963","0.196","mS",""
"43033","0.41724537037037","0.197","mS",""
"43033","0.41725694444444","0.197","mS",""
"43033","0.41726851851852","0.196","mS",""
"43033","0.41728009259259","0.196","mS",""
"43033","0.41729166666667","0.196","mS",""
"43033","0.41730324074074","0.196","mS",""
"43033","0.41731481481481","0.196","mS",""
"43033","0.41732638888889","0.196","mS",""
"43033","0.41733796296296","0.196","mS",""
"43033","0.41734953703704","0.196","mS",""
"43033","0.41736111111111","0.196","mS",""
"43033","0.41737268518519","0.196","mS",""
"43033","0.41738425925926","0.196","mS",""
"43033","0.41739583333333","0.196","mS",""
"43033","0.41740740740741","0.197","mS",""
"43033","0.41741898148148","0.197","mS",""
"43033","0.41743055555556","0.197","mS",""
"43033","0.41744212962963","0.196","mS",""
"43033","0.4174537037037","0.196","mS",""
"43033","0.41746527777778","0.196","mS",""
"43033","0.41747685185185","0.196","mS",""
"43033","0.41748842592593","0.196","mS",""
"43033","0.4175","0.196","mS",""
"43033","0.41751157407407","0.196","mS",""
"43033","0.41752314814815","0.196","mS",""
"43033","0.41753472222222","0.196","mS",""
"43033","0.4175462962963","0.196","mS",""
"43033","0.41755787037037","0.196","mS",""
"43033","0.41756944444444","0.196","mS",""
"43033","0.41758101851852","0.196","mS",""
"43033","0.41759259259259","0.196","mS",""
"43033","0.41760416666667","0.196","mS",""
"43033","0.41761574074074","0.196","mS",""
"43033","0.41762731481481","0.196","mS",""
"43033","0.41763888888889","0.196","mS",""
"43033","0.41765046296296","0.196","mS",""
"43033","0.41766203703704","0.197","mS",""
"43033","0.41767361111111","0.197","mS",""
"43033","0.41768518518519","0.197","mS",""
"43033","0.41769675925926","0.196","mS",""
"43033","0.41770833333333","0.196","mS",""
"43033","0.41771990740741","0.197","mS",""
"43033","0.41773148148148","0.197","mS",""
"43033","0.41774305555556","0.197","mS",""
"43033","0.41775462962963","0.196","mS",""
"43033","0.4177662037037","0.196","mS",""
"43033","0.41777777777778","0.197","mS",""
"43033","0.41778935185185","0.197","mS",""
"43033","0.41780092592593","0.197","mS",""
"43033","0.4178125","0.196","mS",""
"43033","0.41782407407407","0.196","mS",""
"43033","0.41783564814815","0.196","mS",""
"43033","0.41784722222222","0.196","mS",""
"43033","0.4178587962963","0.196","mS",""
"43033","0.41787037037037","0.196","mS",""
"43033","0.41788194444444","0.196","mS",""
"43033","0.41789351851852","0.197","mS",""
"43033","0.41790509259259","0.197","mS",""
"43033","0.41791666666667","0.197","mS",""
"43033","0.41792824074074","0.197","mS",""
"43033","0.41793981481481","0.197","mS",""
"43033","0.41795138888889","0.197","mS",""
"43033","0.44290509259259","0","NO UNIT",""
"43033","0.44292824074074","0","NO UNIT",""
"43033","0.44293981481481","0","NO UNIT",""
"43033","0.44295138888889","0","NO UNIT",""
"43033","0.44322916666667","0.188","mS",""
"43033","0.44324074074074","0.188","mS",""
"43033","0.44325231481481","0.188","mS",""
"43033","0.44326388888889","0.188","mS",""
"43033","0.44327546296296","0.188","mS",""
"43033","0.44328703703704","0.189","mS",""
"43033","0.44329861111111","0.189","mS",""
"43033","0.44331018518519","0.189","mS",""
"43033","0.44332175925926","0.189","mS",""
"43033","0.44333333333333","0.189","mS",""
"43033","0.44334490740741","0.189","mS",""
"43033","0.44335648148148","0.189","mS",""
"43033","0.44336805555556","0.19","mS",""
"43033","0.44337962962963","0.19","mS",""
"43033","0.4433912037037","0.19","mS",""
"43033","0.44340277777778","0.189","mS",""
"43033","0.44341435185185","0.189","mS",""
"43033","0.44342592592593","0.19","mS",""
"43033","0.4434375","0.19","mS",""
"43033","0.44344907407407","0.19","mS",""
"43033","0.44346064814815","0.19","mS",""
"43033","0.44347222222222","0.19","mS",""
"43033","0.4434837962963","0.19","mS",""
"43033","0.44349537037037","0.19","mS",""
"43033","0.44350694444444","0.19","mS",""
"43033","0.44351851851852","0.19","mS",""
"43033","0.44353009259259","0.19","mS",""
"43033","0.44354166666667","0.19","mS",""
"43033","0.44355324074074","0.191","mS",""
"43033","0.44356481481481","0.191","mS",""
"43033","0.44357638888889","0.192","mS",""
"43033","0.44358796296296","0.192","mS",""
"43033","0.44359953703704","0.192","mS",""
"43033","0.44361111111111","0.19","mS",""
"43033","0.44362268518519","0.19","mS",""
"43033","0.44363425925926","0.19","mS",""
"43033","0.44364583333333","0.19","mS",""
"43033","0.44365740740741","0.19","mS",""
"43033","0.44366898148148","0.19","mS",""
"43033","0.44368055555556","0.19","mS",""
"43033","0.44369212962963","0.19","mS",""
"43033","0.4437037037037","0.19","mS",""
"43033","0.44371527777778","0.19","mS",""
"43033","0.44372685185185","0.19","mS",""
"43033","0.44373842592593","0.19","mS",""
"43033","0.44375","0.19","mS",""
"43033","0.44376157407407","0.19","mS",""
"43033","0.44377314814815","0.19","mS",""
"43033","0.44378472222222","0.214","mS",""
"43033","0.4437962962963","0.214","mS",""
"43033","0.44380787037037","0.232","mS",""
"43033","0.44381944444444","0.232","mS",""
"43033","0.44383101851852","0.232","mS",""
"43033","0.44384259259259","0.367","mS",""
"43033","0.44385416666667","0.367","mS",""
"43033","0.44386574074074","0.538","mS",""
"43033","0.44387731481481","0.538","mS",""
"43033","0.44388888888889","0.538","mS",""
"43033","0.44390046296296","0.597","mS",""
"43033","0.44391203703704","0.597","mS",""
"43033","0.44392361111111","0.718","mS",""
"43033","0.44393518518519","0.718","mS",""
"43033","0.44394675925926","0.718","mS",""
"43033","0.44395833333333","0.931","mS",""
"43033","0.44396990740741","0.931","mS",""
"43033","0.44398148148148","0.931","mS",""
"43033","0.44399305555556","0.977","mS",""
"43033","0.44400462962963","0.977","mS",""
"43033","0.4440162037037","1.132","mS",""
"43033","0.44402777777778","1.132","mS",""
"43033","0.44403935185185","1.132","mS",""
"43033","0.44405092592593","1.29","mS",""
"43033","0.4440625","1.29","mS",""
"43033","0.44407407407407","1.309","mS",""
"43033","0.44408564814815","1.309","mS",""
"43033","0.44409722222222","1.31","mS",""
"43033","0.4441087962963","1.31","mS",""
"43033","0.44412037037037","1.31","mS",""
"43033","0.44413194444444","1.365","mS",""
"43033","0.44414351851852","1.365","mS",""
"43033","0.44415509259259","1.479","mS",""
"43033","0.44416666666667","1.479","mS",""
"43033","0.44417824074074","1.479","mS",""
"43033","0.44418981481481","1.517","mS",""
"43033","0.44420138888889","1.517","mS",""
"43033","0.44421296296296","1.335","mS",""
"43033","0.44422453703704","1.335","mS",""
"43033","0.44423611111111","1.335","mS",""
"43033","0.44424768518519","1.39","mS",""
"43033","0.44425925925926","1.39","mS",""
"43033","0.44427083333333","1.628","mS",""
"43033","0.44428240740741","1.628","mS",""
"43033","0.44429398148148","1.708","mS",""
"43033","0.44430555555556","1.708","mS",""
"43033","0.44431712962963","1.708","mS",""
"43033","0.4443287037037","1.759","mS",""
"43033","0.44434027777778","1.759","mS",""
"43033","0.44435185185185","1.764","mS",""
"43033","0.44436342592593","1.764","mS",""
"43033","0.444375","1.764","mS",""
"43033","0.44438657407407","1.776","mS",""
"43033","0.44439814814815","1.776","mS",""
"43033","0.44440972222222","1.771","mS",""
"43033","0.4444212962963","1.771","mS",""
"43033","0.44443287037037","1.81","mS",""
"43033","0.44444444444444","1.81","mS",""
"43033","0.44445601851852","1.81","mS",""
"43033","0.44446759259259","1.817","mS",""
"43033","0.44447916666667","1.817","mS",""
"43033","0.44449074074074","1.86","mS",""
"43033","0.44450231481481","1.86","mS",""
"43033","0.44451388888889","1.86","mS",""
"43033","0.44452546296296","1.896","mS",""
"43033","0.44453703703704","1.896","mS",""
"43033","0.44454861111111","1.917","mS",""
"43033","0.44456018518519","1.917","mS",""
"43033","0.44457175925926","1.917","mS",""
"43033","0.44458333333333","1.928","mS",""
"43033","0.44459490740741","1.928","mS",""
"43033","0.44460648148148","1.953","mS",""
"43033","0.44461805555556","1.953","mS",""
"43033","0.44462962962963","1.967","mS",""
"43033","0.4446412037037","1.967","mS",""
"43033","0.44465277777778","1.967","mS",""
"43033","0.44466435185185","1.978","mS",""
"43033","0.44467592592593","1.978","mS",""
"43033","0.4446875","1.966","mS",""
"43033","0.44469907407407","1.966","mS",""
"43033","0.44471064814815","1.966","mS",""
"43033","0.44472222222222","1.994","mS",""
"43033","0.4447337962963","1.994","mS",""
"43033","0.44474537037037","1.992","mS",""
"43033","0.44475694444444","1.992","mS",""
"43033","0.44476851851852","1.992","mS",""
"43033","0.44478009259259","1.973","mS",""
"43033","0.44479166666667","1.973","mS",""
"43033","0.44480324074074","1.992","mS",""
"43033","0.44481481481481","1.992","mS",""
"43033","0.44482638888889","1.992","mS",""
"43033","0.44483796296296","999999","mS",""
"43033","0.44484953703704","999999","mS",""
"43033","0.44486111111111","1.945","mS",""
"43033","0.44487268518519","1.945","mS",""
"43033","0.44488425925926","1.945","mS",""
"43033","0.44489583333333","1.995","mS",""
"43033","0.44490740740741","1.995","mS",""
"43033","0.44491898148148","999999","mS",""
"43033","0.44493055555556","999999","mS",""
"43033","0.44494212962963","999999","mS",""
"43033","0.4449537037037","999999","mS",""
"43033","0.44496527777778","999999","mS",""
"43033","0.44497685185185","1.923","mS",""
"43033","0.44498842592593","1.923","mS",""
"43033","0.445","1.937","mS",""
"43033","0.44501157407407","1.937","mS",""
"43033","0.44502314814815","1.937","mS",""
"43033","0.44503472222222","1.921","mS",""
"43033","0.4450462962963","1.921","mS",""
"43033","0.44505787037037","1.937","mS",""
"43033","0.44506944444444","1.937","mS",""
"43033","0.44508101851852","1.937","mS",""
"43033","0.44509259259259","1.956","mS",""
"43033","0.44510416666667","1.956","mS",""
"43033","0.44511574074074","999999","mS",""
"43033","0.44512731481481","999999","mS",""
"43033","0.44513888888889","999999","mS",""
"43033","0.44515046296296","999999","mS",""
"43033","0.44516203703704","999999","mS",""
"43033","0.44517361111111","999999","mS",""
"43033","0.44518518518519","999999","mS",""
"43033","0.44519675925926","999999","mS",""
"43033","0.44520833333333","999999","mS",""
"43033","0.44521990740741","999999","mS",""
"43033","0.44523148148148","1.994","mS",""
"43033","0.44524305555556","1.994","mS",""
"43033","0.44525462962963","1.994","mS",""
"43033","0.4452662037037","999999","mS",""
"43033","0.44527777777778","999999","mS",""
"43033","0.44528935185185","999999","mS",""
"43033","0.44530092592593","999999","mS",""
"43033","0.4453125","999999","mS",""
"43033","0.44532407407407","999999","mS",""
"43033","0.44533564814815","999999","mS",""
"43033","0.44534722222222","999999","mS",""
"43033","0.4453587962963","999999","mS",""
"43033","0.44537037037037","999999","mS",""
"43033","0.44538194444444","999999","mS",""
"43033","0.44539351851852","999999","mS",""
"43033","0.44540509259259","999999","mS",""
"43033","0.44541666666667","999999","mS",""
"43033","0.44542824074074","999999","mS",""
"43033","0.44543981481481","999999","mS",""
"43033","0.44545138888889","999999","mS",""
"43033","0.44546296296296","999999","mS",""
"43033","0.44547453703704","999999","mS",""
"43033","0.44548611111111","999999","mS",""
"43033","0.44549768518519","999999","mS",""
"43033","0.44550925925926","999999","mS",""
"43033","0.44552083333333","999999","mS",""
"43033","0.44553240740741","999999","mS",""
"43033","0.44554398148148","999999","mS",""
"43033","0.44555555555556","999999","mS",""
"43033","0.44556712962963","999999","mS",""
"43033","0.4455787037037","1.992","mS",""
"43033","0.44559027777778","1.992","mS",""
"43033","0.44560185185185","1.986","mS",""
"43033","0.44561342592593","1.986","mS",""
"43033","0.445625","1.986","mS",""
"43033","0.44563657407407","1.981","mS",""
"43033","0.44564814814815","1.981","mS",""
"43033","0.44565972222222","1.981","mS",""
"43033","0.4456712962963","1.981","mS",""
"43033","0.44568287037037","1.981","mS",""
"43033","0.44569444444444","999999","mS",""
"43033","0.44570601851852","999999","mS",""
"43033","0.44571759259259","999999","mS",""
"43033","0.44572916666667","999999","mS",""
"43033","0.44574074074074","999999","mS",""
"43033","0.44575231481481","999999","mS",""
"43033","0.44576388888889","999999","mS",""
"43033","0.44577546296296","999999","mS",""
"43033","0.44578703703704","999999","mS",""
"43033","0.44579861111111","999999","mS",""
"43033","0.44581018518519","999999","mS",""
"43033","0.44582175925926","999999","mS",""
"43033","0.44583333333333","1.984","mS",""
"43033","0.44584490740741","1.984","mS",""
"43033","0.44585648148148","1.984","mS",""
"43033","0.44586805555556","1.982","mS",""
"43033","0.44587962962963","1.982","mS",""
"43033","0.4458912037037","999999","mS",""
"43033","0.44590277777778","999999","mS",""
"43033","0.44591435185185","999999","mS",""
"43033","0.44592592592593","1.986","mS",""
"43033","0.4459375","1.986","mS",""
"43033","0.44594907407407","1.993","mS",""
"43033","0.44596064814815","1.993","mS",""
"43033","0.44597222222222","1.993","mS",""
"43033","0.4459837962963","999999","mS",""
"43033","0.44599537037037","999999","mS",""
"43033","0.44600694444444","999999","mS",""
"43033","0.44601851851852","999999","mS",""
"43033","0.44603009259259","999999","mS",""
"43033","0.44604166666667","999999","mS",""
"43033","0.44605324074074","999999","mS",""
"43033","0.44606481481481","1.975","mS",""
"43033","0.44607638888889","1.975","mS",""
"43033","0.44608796296296","1.975","mS",""
"43033","0.44609953703704","1.993","mS",""
"43033","0.44611111111111","1.993","mS",""
"43033","0.44612268518519","1.912","mS",""
"43033","0.44613425925926","1.912","mS",""
"43033","0.44614583333333","1.912","mS",""
"43033","0.44615740740741","1.932","mS",""
"43033","0.44616898148148","1.932","mS",""
"43033","0.44618055555556","1.972","mS",""
"43033","0.44619212962963","1.972","mS",""
"43033","0.4462037037037","1.997","mS",""
"43033","0.44621527777778","1.997","mS",""
"43033","0.44622685185185","1.997","mS",""
"43033","0.44623842592593","1.995","mS",""
"43033","0.44625","1.995","mS",""
"43033","0.44626157407407","1.984","mS",""
"43033","0.44627314814815","1.984","mS",""
"43033","0.44628472222222","1.984","mS",""
"43033","0.4462962962963","1.944","mS",""
"43033","0.44630787037037","1.944","mS",""
"43033","0.44631944444444","1.961","mS",""
"43033","0.44633101851852","1.961","mS",""
"43033","0.44634259259259","1.961","mS",""
"43033","0.44635416666667","1.961","mS",""
"43033","0.44636574074074","1.961","mS",""
"43033","0.44637731481481","1.975","mS",""
"43033","0.44638888888889","1.975","mS",""
"43033","0.44640046296296","1.975","mS",""
"43033","0.44641203703704","1.975","mS",""
"43033","0.44642361111111","1.975","mS",""
"43033","0.44643518518519","1.965","mS",""
"43033","0.44644675925926","1.965","mS",""
"43033","0.44645833333333","1.962","mS",""
"43033","0.44646990740741","1.962","mS",""
"43033","0.44648148148148","1.962","mS",""
"43033","0.44649305555556","1.956","mS",""
"43033","0.44650462962963","1.956","mS",""
"43033","0.4465162037037","1.944","mS",""
"43033","0.44652777777778","1.944","mS",""
"43033","0.44653935185185","1.963","mS",""
"43033","0.44655092592593","1.963","mS",""
"43033","0.4465625","1.963","mS",""
"43033","0.44657407407407","999999","mS",""
"43033","0.44658564814815","999999","mS",""
"43033","0.44659722222222","999999","mS",""
"43033","0.4466087962963","999999","mS",""
"43033","0.44662037037037","999999","mS",""
"43033","0.44663194444444","999999","mS",""
"43033","0.44664351851852","999999","mS",""
"43033","0.44665509259259","999999","mS",""
"43033","0.44666666666667","999999","mS",""
"43033","0.44667824074074","999999","mS",""
"43033","0.44668981481481","999999","mS",""
"43033","0.44670138888889","999999","mS",""
"43033","0.44671296296296","999999","mS",""
"43033","0.44672453703704","999999","mS",""
"43033","0.44673611111111","999999","mS",""
"43033","0.44674768518519","999999","mS",""
"43033","0.44675925925926","999999","mS",""
"43033","0.44677083333333","999999","mS",""
"43033","0.44678240740741","999999","mS",""
"43033","0.44679398148148","999999","mS",""
"43033","0.44680555555556","999999","mS",""
"43033","0.44681712962963","999999","mS",""
"43033","0.4468287037037","999999","mS",""
"43033","0.44684027777778","999999","mS",""
"43033","0.44685185185185","999999","mS",""
"43033","0.44686342592593","999999","mS",""
"43033","0.446875","999999","mS",""
"43033","0.44688657407407","999999","mS",""
"43033","0.44689814814815","999999","mS",""
"43033","0.44690972222222","999999","mS",""
"43033","0.4469212962963","999999","mS",""
"43033","0.44693287037037","999999","mS",""
"43033","0.44694444444444","999999","mS",""
"43033","0.44695601851852","999999","mS",""
"43033","0.44696759259259","999999","mS",""
"43033","0.44697916666667","999999","mS",""
"43033","0.44699074074074","999999","mS",""
"43033","0.44700231481481","999999","mS",""
"43033","0.44701388888889","999999","mS",""
"43033","0.44702546296296","999999","mS",""
"43033","0.44703703703704","999999","mS",""
"43033","0.44704861111111","999999","mS",""
"43033","0.44706018518519","999999","mS",""
"43033","0.44707175925926","999999","mS",""
"43033","0.44708333333333","999999","mS",""
"43033","0.44709490740741","999999","mS",""
"43033","0.44710648148148","999999","mS",""
"43033","0.44711805555556","999999","mS",""
"43033","0.44712962962963","999999","mS",""
"43033","0.4471412037037","999999","mS",""
"43033","0.44715277777778","999999","mS",""
"43033","0.44716435185185","999999","mS",""
"43033","0.44717592592593","999999","mS",""
"43033","0.4471875","999999","mS",""
"43033","0.44719907407407","999999","mS",""
"43033","0.44721064814815","999999","mS",""
"43033","0.44722222222222","1.953","mS",""
"43033","0.4472337962963","1.953","mS",""
"43033","0.44724537037037","1.953","mS",""
"43033","0.44725694444444","1.61","mS",""
"43033","0.44726851851852","1.61","mS",""
"43033","0.44728009259259","1.47","mS",""
"43033","0.44729166666667","1.47","mS",""
"43033","0.44730324074074","1.47","mS",""
"43033","0.44731481481481","1.07","mS",""
"43033","0.44732638888889","1.07","mS",""
"43033","0.44733796296296","0.377","mS",""
"43033","0.44734953703704","0.377","mS",""
"43033","0.44736111111111","0.377","mS",""
"43033","0.44737268518519","0","mS",""
"43033","0.44738425925926","0","mS",""
"43033","0.44739583333333","0","mS",""
"43033","0.44740740740741","0","mS",""
"43033","0.44741898148148","0","mS",""
"43033","0.44743055555556","0","mS",""
"43033","0.44744212962963","0","mS",""
"43033","0.4474537037037","0","mS",""
"43033","0.44746527777778","0","mS",""
"43033","0.44747685185185","0","mS",""
"43033","0.44748842592593","0","mS",""
"43033","0.4475","0","mS",""
"43033","0.44751157407407","0","mS",""
"43033","0.44752314814815","0","mS",""
"43033","0.44753472222222","0","mS",""
"43033","0.4475462962963","0","mS",""
"43033","0.44755787037037","0","mS",""
"43033","0.44756944444444","0","mS",""
"43033","0.44758101851852","0","mS",""
"43033","0.4512037037037","0.185","mS",""
"43033","0.45121527777778","0.185","mS",""
"43033","0.45122685185185","0.186","mS",""
"43033","0.45123842592593","0.186","mS",""
"43033","0.45125","0.186","mS",""
"43033","0.45126157407407","0.187","mS",""
"43033","0.45127314814815","0.187","mS",""
"43033","0.45128472222222","0.187","mS",""
"43033","0.4512962962963","0.188","mS",""
"43033","0.45130787037037","0.188","mS",""
"43033","0.45131944444444","0.189","mS",""
"43033","0.45133101851852","0.189","mS",""
"43033","0.45134259259259","0.189","mS",""
"43033","0.45135416666667","0.189","mS",""
"43033","0.45136574074074","0.189","mS",""
"43033","0.45137731481481","0.19","mS",""
"43033","0.45138888888889","0.19","mS",""
"43033","0.45140046296296","0.19","mS",""
"43033","0.45141203703704","0.19","mS",""
"43033","0.45142361111111","0.19","mS",""
"43033","0.45143518518519","0.19","mS",""
"43033","0.45144675925926","0.19","mS",""
"43033","0.45145833333333","0.19","mS",""
"43033","0.45146990740741","0.19","mS",""
"43033","0.45148148148148","0.19","mS",""
"43033","0.45149305555556","0.19","mS",""
"43033","0.45150462962963","0.19","mS",""
"43033","0.4515162037037","0.19","mS",""
"43033","0.45152777777778","0.19","mS",""
"43033","0.45153935185185","0.19","mS",""
"43033","0.45155092592593","0.191","mS",""
"43033","0.4515625","0.191","mS",""
"43033","0.45157407407407","0.191","mS",""
"43033","0.45158564814815","0.191","mS",""
"43033","0.45159722222222","0.191","mS",""
"43033","0.4516087962963","0.191","mS",""
"43033","0.45162037037037","0.191","mS",""
"43033","0.45163194444444","0.191","mS",""
"43033","0.45164351851852","0.191","mS",""
"43033","0.45165509259259","0.191","mS",""
"43033","0.45166666666667","0.191","mS",""
"43033","0.45167824074074","0.191","mS",""
"43033","0.45168981481481","0.191","mS",""
"43033","0.45170138888889","0.191","mS",""
"43033","0.45171296296296","0.191","mS",""
"43033","0.45172453703704","0.191","mS",""
"43033","0.45173611111111","0.191","mS",""
"43033","0.45174768518519","0.191","mS",""
"43033","0.45175925925926","0.193","mS",""
"43033","0.45177083333333","0.193","mS",""
"43033","0.45178240740741","0.196","mS",""
"43033","0.45179398148148","0.196","mS",""
"43033","0.45180555555556","0.206","mS",""
"43033","0.45181712962963","0.206","mS",""
"43033","0.4518287037037","0.206","mS",""
"43033","0.45184027777778","0.214","mS",""
"43033","0.45185185185185","0.214","mS",""
"43033","0.45186342592593","0.219","mS",""
"43033","0.451875","0.219","mS",""
"43033","0.45188657407407","0.219","mS",""
"43033","0.45189814814815","0.245","mS",""
"43033","0.45190972222222","0.245","mS",""
"43033","0.4519212962963","0.251","mS",""
"43033","0.45193287037037","0.251","mS",""
"43033","0.45194444444444","0.251","mS",""
"43033","0.45195601851852","0.251","mS",""
"43033","0.45196759259259","0.251","mS",""
"43033","0.45197916666667","0.253","mS",""
"43033","0.45199074074074","0.253","mS",""
"43033","0.45200231481481","0.262","mS",""
"43033","0.45201388888889","0.262","mS",""
"43033","0.45202546296296","0.262","mS",""
"43033","0.45203703703704","0.269","mS",""
"43033","0.45204861111111","0.269","mS",""
"43033","0.45206018518519","0.269","mS",""
"43033","0.45207175925926","0.289","mS",""
"43033","0.45208333333333","0.289","mS",""
"43033","0.45209490740741","0.305","mS",""
"43033","0.45210648148148","0.305","mS",""
"43033","0.45211805555556","0.323","mS",""
"43033","0.45212962962963","0.323","mS",""
"43033","0.4521412037037","0.323","mS",""
"43033","0.45215277777778","0.372","mS",""
"43033","0.45216435185185","0.372","mS",""
"43033","0.45217592592593","0.372","mS",""
"43033","0.4521875","0.425","mS",""
"43033","0.45219907407407","0.425","mS",""
"43033","0.45221064814815","0.448","mS",""
"43033","0.45222222222222","0.448","mS",""
"43033","0.4522337962963","0.448","mS",""
"43033","0.45224537037037","0.486","mS",""
"43033","0.45225694444444","0.486","mS",""
"43033","0.45226851851852","0.476","mS",""
"43033","0.45228009259259","0.476","mS",""
"43033","0.45229166666667","0.503","mS",""
"43033","0.45230324074074","0.503","mS",""
"43033","0.45231481481481","0.503","mS",""
"43033","0.45232638888889","0.517","mS",""
"43033","0.45233796296296","0.517","mS",""
"43033","0.45234953703704","0.52","mS",""
"43033","0.45236111111111","0.52","mS",""
"43033","0.45237268518519","0.52","mS",""
"43033","0.45238425925926","0.561","mS",""
"43033","0.45239583333333","0.561","mS",""
"43033","0.45240740740741","0.649","mS",""
"43033","0.45241898148148","0.649","mS",""
"43033","0.45243055555556","0.649","mS",""
"43033","0.45244212962963","0.713","mS",""
"43033","0.4524537037037","0.713","mS",""
"43033","0.45246527777778","0.719","mS",""
"43033","0.45247685185185","0.719","mS",""
"43033","0.45248842592593","0.719","mS",""
"43033","0.4525","0.73","mS",""
"43033","0.45251157407407","0.73","mS",""
"43033","0.45252314814815","0.783","mS",""
"43033","0.45253472222222","0.783","mS",""
"43033","0.4525462962963","0.783","mS",""
"43033","0.45255787037037","0.857","mS",""
"43033","0.45256944444444","0.857","mS",""
"43033","0.45258101851852","0.892","mS",""
"43033","0.45259259259259","0.892","mS",""
"43033","0.45260416666667","0.892","mS",""
"43033","0.45261574074074","0.949","mS",""
"43033","0.45262731481481","0.949","mS",""
"43033","0.45263888888889","0.949","mS",""
"43033","0.45265046296296","0.955","mS",""
"43033","0.45266203703704","0.955","mS",""
"43033","0.45267361111111","0.941","mS",""
"43033","0.45268518518519","0.941","mS",""
"43033","0.45269675925926","0.935","mS",""
"43033","0.45270833333333","0.935","mS",""
"43033","0.45271990740741","0.935","mS",""
"43033","0.45273148148148","0.982","mS",""
"43033","0.45274305555556","0.982","mS",""
"43033","0.45275462962963","1.053","mS",""
"43033","0.4527662037037","1.053","mS",""
"43033","0.45277777777778","1.053","mS",""
"43033","0.45278935185185","1.106","mS",""
"43033","0.45280092592593","1.106","mS",""
"43033","0.4528125","1.106","mS",""
"43033","0.45282407407407","1.179","mS",""
"43033","0.45283564814815","1.179","mS",""
"43033","0.45284722222222","1.232","mS",""
"43033","0.4528587962963","1.232","mS",""
"43033","0.45287037037037","1.229","mS",""
"43033","0.45288194444444","1.229","mS",""
"43033","0.45289351851852","1.229","mS",""
"43033","0.45290509259259","1.235","mS",""
"43033","0.45291666666667","1.235","mS",""
"43033","0.45292824074074","1.235","mS",""
"43033","0.45293981481481","1.239","mS",""
"43033","0.45295138888889","1.239","mS",""
"43033","0.45296296296296","1.198","mS",""
"43033","0.45297453703704","1.198","mS",""
"43033","0.45298611111111","1.165","mS",""
"43033","0.45299768518519","1.165","mS",""
"43033","0.45300925925926","1.165","mS",""
"43033","0.45302083333333","1.227","mS",""
"43033","0.45303240740741","1.227","mS",""
"43033","0.45304398148148","1.312","mS",""
"43033","0.45305555555556","1.312","mS",""
"43033","0.45306712962963","1.312","mS",""
"43033","0.4530787037037","1.298","mS",""
"43033","0.45309027777778","1.298","mS",""
"43033","0.45310185185185","1.298","mS",""
"43033","0.45311342592593","1.308","mS",""
"43033","0.453125","1.308","mS",""
"43033","0.45313657407407","1.316","mS",""
"43033","0.45314814814815","1.316","mS",""
"43033","0.45315972222222","1.329","mS",""
"43033","0.4531712962963","1.329","mS",""
"43033","0.45318287037037","1.329","mS",""
"43033","0.45319444444444","1.343","mS",""
"43033","0.45320601851852","1.343","mS",""
"43033","0.45321759259259","1.366","mS",""
"43033","0.45322916666667","1.366","mS",""
"43033","0.45324074074074","1.366","mS",""
"43033","0.45325231481481","1.385","mS",""
"43033","0.45326388888889","1.385","mS",""
"43033","0.45327546296296","1.385","mS",""
"43033","0.45328703703704","1.413","mS",""
"43033","0.45329861111111","1.413","mS",""
"43033","0.45331018518519","1.411","mS",""
"43033","0.45332175925926","1.411","mS",""
"43033","0.45333333333333","1.413","mS",""
"43033","0.45334490740741","1.413","mS",""
"43033","0.45335648148148","1.413","mS",""
"43033","0.45336805555556","1.432","mS",""
"43033","0.45337962962963","1.432","mS",""
"43033","0.4533912037037","1.432","mS",""
"43033","0.45340277777778","1.458","mS",""
"43033","0.45341435185185","1.458","mS",""
"43033","0.45342592592593","1.491","mS",""
"43033","0.4534375","1.491","mS",""
"43033","0.45344907407407","1.488","mS",""
"43033","0.45346064814815","1.488","mS",""
"43033","0.45347222222222","1.488","mS",""
"43033","0.4534837962963","1.475","mS",""
"43033","0.45349537037037","1.475","mS",""
"43033","0.45350694444444","1.473","mS",""
"43033","0.45351851851852","1.473","mS",""
"43033","0.45353009259259","1.473","mS",""
"43033","0.45354166666667","1.497","mS",""
"43033","0.45355324074074","1.497","mS",""
"43033","0.45356481481481","1.508","mS",""
"43033","0.45357638888889","1.508","mS",""
"43033","0.45358796296296","1.508","mS",""
"43033","0.45359953703704","1.519","mS",""
"43033","0.45361111111111","1.519","mS",""
"43033","0.45362268518519","1.532","mS",""
"43033","0.45363425925926","1.532","mS",""
"43033","0.45364583333333","1.532","mS",""
"43033","0.45365740740741","1.522","mS",""
"43033","0.45366898148148","1.522","mS",""
"43033","0.45368055555556","1.522","mS",""
"43033","0.45369212962963","1.525","mS",""
"43033","0.4537037037037","1.525","mS",""
"43033","0.45371527777778","1.532","mS",""
"43033","0.45372685185185","1.532","mS",""
"43033","0.45373842592593","1.542","mS",""
"43033","0.45375","1.542","mS",""
"43033","0.45376157407407","1.542","mS",""
"43033","0.45377314814815","1.546","mS",""
"43033","0.45378472222222","1.546","mS",""
"43033","0.4537962962963","1.551","mS",""
"43033","0.45380787037037","1.551","mS",""
"43033","0.45381944444444","1.558","mS",""
"43033","0.45383101851852","1.558","mS",""
"43033","0.45384259259259","1.558","mS",""
"43033","0.45385416666667","1.562","mS",""
"43033","0.45386574074074","1.562","mS",""
"43033","0.45387731481481","1.569","mS",""
"43033","0.45388888888889","1.569","mS",""
"43033","0.45390046296296","1.569","mS",""
"43033","0.45391203703704","1.567","mS",""
"43033","0.45392361111111","1.567","mS",""
"43033","0.45393518518519","1.555","mS",""
"43033","0.45394675925926","1.555","mS",""
"43033","0.45395833333333","1.559","mS",""
"43033","0.45396990740741","1.559","mS",""
"43033","0.45398148148148","1.559","mS",""
"43033","0.45399305555556","1.576","mS",""
"43033","0.45400462962963","1.576","mS",""
"43033","0.4540162037037","1.576","mS",""
"43033","0.45402777777778","1.563","mS",""
"43033","0.45403935185185","1.563","mS",""
"43033","0.45405092592593","1.579","mS",""
"43033","0.4540625","1.579","mS",""
"43033","0.45407407407407","1.585","mS",""
"43033","0.45408564814815","1.585","mS",""
"43033","0.45409722222222","1.585","mS",""
"43033","0.4541087962963","1.578","mS",""
"43033","0.45412037037037","1.578","mS",""
"43033","0.45413194444444","1.563","mS",""
"43033","0.45414351851852","1.563","mS",""
"43033","0.45415509259259","1.563","mS",""
"43033","0.45416666666667","1.538","mS",""
"43033","0.45417824074074","1.538","mS",""
"43033","0.45418981481481","1.506","mS",""
"43033","0.45420138888889","1.506","mS",""
"43033","0.45421296296296","1.503","mS",""
"43033","0.45422453703704","1.503","mS",""
"43033","0.45423611111111","1.503","mS",""
"43033","0.45424768518519","1.559","mS",""
"43033","0.45425925925926","1.559","mS",""
"43033","0.45427083333333","1.567","mS",""
"43033","0.45428240740741","1.567","mS",""
"43033","0.45429398148148","1.567","mS",""
"43033","0.45430555555556","1.479","mS",""
"43033","0.45431712962963","1.479","mS",""
"43033","0.4543287037037","1.479","mS",""
"43033","0.45434027777778","1.494","mS",""
"43033","0.45435185185185","1.494","mS",""
"43033","0.45436342592593","1.531","mS",""
"43033","0.454375","1.531","mS",""
"43033","0.45438657407407","1.536","mS",""
"43033","0.45439814814815","1.536","mS",""
"43033","0.45440972222222","1.536","mS",""
"43033","0.4544212962963","1.545","mS",""
"43033","0.45443287037037","1.545","mS",""
"43033","0.45444444444444","1.539","mS",""
"43033","0.45445601851852","1.539","mS",""
"43033","0.45446759259259","1.539","mS",""
"43033","0.45447916666667","1.507","mS",""
"43033","0.45449074074074","1.507","mS",""
"43033","0.45450231481481","1.507","mS",""
"43033","0.45451388888889","1.507","mS",""
"43033","0.45452546296296","1.507","mS",""
"43033","0.45453703703704","1.506","mS",""
"43033","0.45454861111111","1.506","mS",""
"43033","0.45456018518519","1.551","mS",""
"43033","0.45457175925926","1.551","mS",""
"43033","0.45458333333333","1.551","mS",""
"43033","0.45459490740741","1.559","mS",""
"43033","0.45460648148148","1.559","mS",""
"43033","0.45461805555556","1.56","mS",""
"43033","0.45462962962963","1.56","mS",""
"43033","0.4546412037037","1.56","mS",""
"43033","0.45465277777778","1.559","mS",""
"43033","0.45466435185185","1.559","mS",""
"43033","0.45467592592593","1.561","mS",""
"43033","0.4546875","1.561","mS",""
"43033","0.45469907407407","1.561","mS",""
"43033","0.45471064814815","1.559","mS",""
"43033","0.45472222222222","1.559","mS",""
"43033","0.4547337962963","1.559","mS",""
"43033","0.45474537037037","1.473","mS",""
"43033","0.45475694444444","1.473","mS",""
"43033","0.45476851851852","1.475","mS",""
"43033","0.45478009259259","1.475","mS",""
"43033","0.45479166666667","1.478","mS",""
"43033","0.45480324074074","1.478","mS",""
"43033","0.45481481481481","1.478","mS",""
"43033","0.45482638888889","1.509","mS",""
"43033","0.45483796296296","1.509","mS",""
"43033","0.45484953703704","1.537","mS",""
"43033","0.45486111111111","1.537","mS",""
"43033","0.45487268518519","1.537","mS",""
"43033","0.45488425925926","1.56","mS",""
"43033","0.45489583333333","1.56","mS",""
"43033","0.45490740740741","1.56","mS",""
"43033","0.45491898148148","1.574","mS",""
"43033","0.45493055555556","1.574","mS",""
"43033","0.45494212962963","1.567","mS",""
"43033","0.4549537037037","1.567","mS",""
"43033","0.45496527777778","1.484","mS",""
"43033","0.45497685185185","1.484","mS",""
"43033","0.45498842592593","1.484","mS",""
"43033","0.455","1.462","mS",""
"43033","0.45501157407407","1.462","mS",""
"43033","0.45502314814815","1.541","mS",""
"43033","0.45503472222222","1.541","mS",""
"43033","0.4550462962963","1.541","mS",""
"43033","0.45505787037037","1.594","mS",""
"43033","0.45506944444444","1.594","mS",""
"43033","0.45508101851852","1.606","mS",""
"43033","0.45509259259259","1.606","mS",""
"43033","0.45510416666667","1.606","mS",""
"43033","0.45511574074074","1.518","mS",""
"43033","0.45512731481481","1.518","mS",""
"43033","0.45513888888889","1.523","mS",""
"43033","0.45515046296296","1.523","mS",""
"43033","0.45516203703704","1.523","mS",""
"43033","0.45517361111111","1.562","mS",""
"43033","0.45518518518519","1.562","mS",""
"43033","0.45519675925926","1.562","mS",""
"43033","0.45520833333333","1.578","mS",""
"43033","0.45521990740741","1.578","mS",""
"43033","0.45523148148148","1.562","mS",""
"43033","0.45524305555556","1.562","mS",""
"43033","0.45525462962963","1.439","mS",""
"43033","0.4552662037037","1.439","mS",""
"43033","0.45527777777778","1.439","mS",""
"43033","0.45528935185185","1.412","mS",""
"43033","0.45530092592593","1.412","mS",""
"43033","0.4553125","1.473","mS",""
"43033","0.45532407407407","1.473","mS",""
"43033","0.45533564814815","1.473","mS",""
"43033","0.45534722222222","1.47","mS",""
"43033","0.4553587962963","1.47","mS",""
"43033","0.45537037037037","1.403","mS",""
"43033","0.45538194444444","1.403","mS",""
"43033","0.45539351851852","1.417","mS",""
"43033","0.45540509259259","1.417","mS",""
"43033","0.45541666666667","1.417","mS",""
"43033","0.45542824074074","1.442","mS",""
"43033","0.45543981481481","1.442","mS",""
"43033","0.45545138888889","1.491","mS",""
"43033","0.45546296296296","1.491","mS",""
"43033","0.45547453703704","1.491","mS",""
"43033","0.45548611111111","1.518","mS",""
"43033","0.45549768518519","1.518","mS",""
"43033","0.45550925925926","1.537","mS",""
"43033","0.45552083333333","1.537","mS",""
"43033","0.45553240740741","1.537","mS",""
"43033","0.45554398148148","1.557","mS",""
"43033","0.45555555555556","1.557","mS",""
"43033","0.45556712962963","1.571","mS",""
"43033","0.4555787037037","1.571","mS",""
"43033","0.45559027777778","1.586","mS",""
"43033","0.45560185185185","1.586","mS",""
"43033","0.45561342592593","1.586","mS",""
"43033","0.455625","1.598","mS",""
"43033","0.45563657407407","1.598","mS",""
"43033","0.45564814814815","1.598","mS",""
"43033","0.45565972222222","1.619","mS",""
"43033","0.4556712962963","1.619","mS",""
"43033","0.45568287037037","1.625","mS",""
"43033","0.45569444444444","1.625","mS",""
"43033","0.45570601851852","1.617","mS",""
"43033","0.45571759259259","1.617","mS",""
"43033","0.45572916666667","1.617","mS",""
"43033","0.45574074074074","1.61","mS",""
"43033","0.45575231481481","1.61","mS",""
"43033","0.45576388888889","1.606","mS",""
"43033","0.45577546296296","1.606","mS",""
"43033","0.45578703703704","1.606","mS",""
"43033","0.45579861111111","1.601","mS",""
"43033","0.45581018518519","1.601","mS",""
"43033","0.45582175925926","1.591","mS",""
"43033","0.45583333333333","1.591","mS",""
"43033","0.45584490740741","1.591","mS",""
"43033","0.45585648148148","1.585","mS",""
"43033","0.45586805555556","1.585","mS",""
"43033","0.45587962962963","1.584","mS",""
"43033","0.4558912037037","1.584","mS",""
"43033","0.45590277777778","1.584","mS",""
"43033","0.45591435185185","1.584","mS",""
"43033","0.45592592592593","1.584","mS",""
"43033","0.4559375","1.584","mS",""
"43033","0.45594907407407","1.595","mS",""
"43033","0.45596064814815","1.595","mS",""
"43033","0.45597222222222","1.618","mS",""
"43033","0.4559837962963","1.618","mS",""
"43033","0.45599537037037","1.612","mS",""
"43033","0.45600694444444","1.612","mS",""
"43033","0.45601851851852","1.612","mS",""
"43033","0.45603009259259","1.623","mS",""
"43033","0.45604166666667","1.623","mS",""
"43033","0.45605324074074","1.627","mS",""
"43033","0.45606481481481","1.627","mS",""
"43033","0.45607638888889","1.627","mS",""
"43033","0.45608796296296","1.615","mS",""
"43033","0.45609953703704","1.615","mS",""
"43033","0.45611111111111","1.615","mS",""
"43033","0.45612268518519","1.573","mS",""
"43033","0.45613425925926","1.573","mS",""
"43033","0.45614583333333","1.788","mS",""
"43033","0.45615740740741","1.788","mS",""
"43033","0.45616898148148","1.946","mS",""
"43033","0.45618055555556","1.946","mS",""
"43033","0.45619212962963","1.946","mS",""
"43033","0.4562037037037","1.948","mS",""
"43033","0.45621527777778","1.948","mS",""
"43033","0.45622685185185","1.948","mS",""
"43033","0.45623842592593","1.948","mS",""
"43033","0.45625","1.948","mS",""
"43033","0.45626157407407","1.948","mS",""
"43033","0.45627314814815","1.948","mS",""
"43033","0.45628472222222","1.948","mS",""
"43033","0.4562962962963","1.948","mS",""
"43033","0.45630787037037","1.948","mS",""
"43033","0.45631944444444","1.949","mS",""
"43033","0.45633101851852","1.949","mS",""
"43033","0.45634259259259","1.948","mS",""
"43033","0.45635416666667","1.948","mS",""
"43033","0.45636574074074","1.948","mS",""
"43033","0.45637731481481","1.949","mS",""
"43033","0.45638888888889","1.949","mS",""
"43033","0.45640046296296","1.949","mS",""
"43033","0.45641203703704","1.948","mS",""
"43033","0.45642361111111","1.948","mS",""
"43033","0.45643518518519","1.949","mS",""
"43033","0.45644675925926","1.949","mS",""
"43033","0.45645833333333","1.948","mS",""
"43033","0.45646990740741","1.948","mS",""
"43033","0.45648148148148","1.948","mS",""
"43033","0.45649305555556","1.948","mS",""
"43033","0.45650462962963","1.948","mS",""
"43033","0.4565162037037","1.948","mS",""
"43033","0.45652777777778","1.948","mS",""
"43033","0.45653935185185","1.948","mS",""
"43033","0.45655092592593","1.948","mS",""
"43033","0.4565625","1.948","mS",""
"43033","0.45657407407407","1.948","mS",""
"43033","0.45658564814815","1.947","mS",""
"43033","0.45659722222222","1.947","mS",""
"43033","0.4566087962963","1.948","mS",""
"43033","0.45662037037037","1.948","mS",""
"43033","0.45666666666667","1.914","mS",""
