"date","time","chan 1","unit 1"
"43033","0.3957523148148148","0","NO UNIT"
"43033","0.3957638888888889","0.209","mS"
"43033","0.395775462962963","0.209","mS"
"43033","0.395787037037037","0.209","mS"
"43033","0.3957986111111111","0.209","mS"
"43033","0.3958101851851852","0.208","mS"
"43033","0.3958217592592593","0.208","mS"
"43033","0.3958333333333333","0.208","mS"
"43033","0.3958449074074074","0.209","mS"
"43033","0.3958564814814815","0.209","mS"
"43033","0.3958680555555555","0.209","mS"
"43033","0.3958796296296296","0.209","mS"
"43033","0.3958912037037037","0.209","mS"
"43033","0.3959027777777778","0.208","mS"
"43033","0.3959143518518518","0.208","mS"
"43033","0.395925925925926","0.208","mS"
"43033","0.3959375","0.208","mS"
"43033","0.3959490740740741","0.208","mS"
"43033","0.3959606481481481","0.208","mS"
"43033","0.3959722222222222","0.208","mS"
"43033","0.3959837962962963","0.209","mS"
"43033","0.3959953703703704","0.209","mS"
"43033","0.3960069444444445","0.209","mS"
"43033","0.3960185185185185","0.208","mS"
"43033","0.3960300925925926","0.208","mS"
"43033","0.3960416666666667","0.208","mS"
"43033","0.3960532407407407","0.208","mS"
"43033","0.3960648148148149","0.208","mS"
"43033","0.3960763888888889","0.207","mS"
"43033","0.3960879629629629","0.207","mS"
"43033","0.396099537037037","0.206","mS"
"43033","0.3961111111111111","0.206","mS"
"43033","0.3961226851851852","0.206","mS"
"43033","0.3961342592592592","0.206","mS"
"43033","0.3961458333333334","0.206","mS"
"43033","0.3961574074074074","0.206","mS"
"43033","0.3961689814814815","0.206","mS"
"43033","0.3961805555555555","0.206","mS"
"43033","0.3961921296296296","0.205","mS"
"43033","0.3962037037037037","0.205","mS"
"43033","0.3962152777777778","0.205","mS"
"43033","0.3962268518518519","0.205","mS"
"43033","0.396238425925926","0.205","mS"
"43033","0.39625","0.205","mS"
"43033","0.3962615740740741","0.205","mS"
"43033","0.3962731481481481","0.204","mS"
"43033","0.3962847222222223","0.204","mS"
"43033","0.3962962962962963","0.204","mS"
"43033","0.3963078703703704","0.204","mS"
"43033","0.3963194444444444","0.204","mS"
"43033","0.3963310185185185","0.203","mS"
"43033","0.3963425925925926","0.203","mS"
"43033","0.3963541666666666","0.203","mS"
"43033","0.3963657407407408","0.202","mS"
"43033","0.3963773148148148","0.202","mS"
"43033","0.3963888888888889","0.202","mS"
"43033","0.3964004629629629","0.202","mS"
"43033","0.396412037037037","0.202","mS"
"43033","0.3964236111111111","0.201","mS"
"43033","0.3964351851851852","0.201","mS"
"43033","0.3964467592592593","0.201","mS"
"43033","0.3964583333333334","0.201","mS"
"43033","0.3964699074074074","0.201","mS"
"43033","0.3964814814814815","0.201","mS"
"43033","0.3964930555555555","0.201","mS"
"43033","0.3965046296296297","0.201","mS"
"43033","0.3965162037037037","0.201","mS"
"43033","0.3965277777777778","0.201","mS"
"43033","0.3965393518518519","0.201","mS"
"43033","0.3965509259259259","0.201","mS"
"43033","0.3965625","0.201","mS"
"43033","0.396574074074074","0.201","mS"
"43033","0.3965856481481482","0.201","mS"
"43033","0.3965972222222222","0.201","mS"
"43033","0.3966087962962963","0.201","mS"
"43033","0.3966203703703703","0.201","mS"
"43033","0.3966319444444444","0.201","mS"
"43033","0.3966435185185185","0.201","mS"
"43033","0.3966550925925926","0.2","mS"
"43033","0.3966666666666667","0.2","mS"
"43033","0.3966782407407408","0.2","mS"
"43033","0.3966898148148148","0.2","mS"
"43033","0.3967013888888889","0.2","mS"
"43033","0.3967129629629629","0.2","mS"
"43033","0.3967245370370371","0.2","mS"
"43033","0.3967361111111111","0.2","mS"
"43033","0.3967476851851852","0.2","mS"
"43033","0.3967592592592593","0.2","mS"
"43033","0.3967708333333334","0.199","mS"
"43033","0.3967824074074074","0.199","mS"
"43033","0.3967939814814814","0.199","mS"
"43033","0.3968055555555556","0.199","mS"
"43033","0.3968171296296296","0.199","mS"
"43033","0.3968287037037037","0.199","mS"
"43033","0.3968402777777778","0.199","mS"
"43033","0.3968518518518518","0.199","mS"
"43033","0.3968634259259259","0.199","mS"
"43033","0.396875","0.199","mS"
"43033","0.3968865740740741","0.199","mS"
"43033","0.3968981481481482","0.199","mS"
"43033","0.3969097222222222","0.199","mS"
"43033","0.3969212962962963","0.199","mS"
"43033","0.3969328703703703","0.199","mS"
"43033","0.3969444444444445","0.199","mS"
"43033","0.3969560185185185","0.199","mS"
"43033","0.3969675925925926","0.199","mS"
"43033","0.3969791666666667","0.199","mS"
"43033","0.3969907407407408","0.199","mS"
"43033","0.3970023148148148","0.199","mS"
"43033","0.3970138888888888","0.199","mS"
"43033","0.397025462962963","0.199","mS"
"43033","0.397037037037037","0.199","mS"
"43033","0.3970486111111111","0.198","mS"
"43033","0.3970601851851852","0.198","mS"
"43033","0.3970717592592592","0.198","mS"
"43033","0.3970833333333333","0.199","mS"
"43033","0.3970949074074074","0.199","mS"
"43033","0.3971064814814815","0.199","mS"
"43033","0.3971180555555556","0.199","mS"
"43033","0.3971296296296296","0.199","mS"
"43033","0.3971412037037037","0.199","mS"
"43033","0.3971527777777777","0.199","mS"
"43033","0.3971643518518519","0.198","mS"
"43033","0.3971759259259259","0.198","mS"
"43033","0.3971875","0.199","mS"
"43033","0.3971990740740741","0.199","mS"
"43033","0.3972106481481482","0.199","mS"
"43033","0.3972222222222222","0.198","mS"
"43033","0.3972337962962963","0.198","mS"
"43033","0.3972453703703704","0.198","mS"
"43033","0.3972569444444444","0.198","mS"
"43033","0.3972685185185185","0.198","mS"
"43033","0.3972800925925926","0.198","mS"
"43033","0.3972916666666667","0.198","mS"
"43033","0.3973032407407407","0.199","mS"
"43033","0.3973148148148148","0.199","mS"
"43033","0.3973263888888889","0.198","mS"
"43033","0.397337962962963","0.198","mS"
"43033","0.397349537037037","0.198","mS"
"43033","0.3973611111111111","0.198","mS"
"43033","0.3973726851851851","0.198","mS"
"43033","0.3973842592592593","0.198","mS"
"43033","0.3973958333333333","0.198","mS"
"43033","0.3974074074074074","0.198","mS"
"43033","0.3974189814814815","0.197","mS"
"43033","0.3974305555555556","0.197","mS"
"43033","0.3974421296296296","0.197","mS"
"43033","0.3974537037037038","0.197","mS"
"43033","0.3974652777777778","0.197","mS"
"43033","0.3974768518518519","0.197","mS"
"43033","0.3974884259259259","0.197","mS"
"43033","0.3975","0.197","mS"
"43033","0.3975115740740741","0.197","mS"
"43033","0.3975231481481481","0.197","mS"
"43033","0.3975347222222222","0.197","mS"
"43033","0.3975462962962963","0.197","mS"
"43033","0.3975578703703704","0.197","mS"
"43033","0.3975694444444444","0.197","mS"
"43033","0.3975810185185185","0.197","mS"
"43033","0.3975925925925926","0.197","mS"
"43033","0.3976041666666667","0.197","mS"
"43033","0.3976157407407407","0.199","mS"
"43033","0.3976273148148148","0.199","mS"
"43033","0.3976388888888889","0.199","mS"
"43033","0.397650462962963","0.204","mS"
"43033","0.397662037037037","0.204","mS"
"43033","0.3976736111111112","0.218","mS"
"43033","0.3976851851851852","0.218","mS"
"43033","0.3976967592592593","0.218","mS"
"43033","0.3977083333333333","0.257","mS"
"43033","0.3977199074074074","0.257","mS"
"43033","0.3977314814814815","0.323","mS"
"43033","0.3977430555555555","0.323","mS"
"43033","0.3977546296296297","0.323","mS"
"43033","0.3977662037037037","0.355","mS"
"43033","0.3977777777777778","0.355","mS"
"43033","0.3977893518518518","0.369","mS"
"43033","0.3978009259259259","0.369","mS"
"43033","0.3978125","0.369","mS"
"43033","0.3978240740740741","0.381","mS"
"43033","0.3978356481481481","0.381","mS"
"43033","0.3978472222222222","0.391","mS"
"43033","0.3978587962962963","0.391","mS"
"43033","0.3978703703703704","0.391","mS"
"43033","0.3978819444444444","0.4","mS"
"43033","0.3978935185185186","0.4","mS"
"43033","0.3979050925925926","0.43","mS"
"43033","0.3979166666666667","0.43","mS"
"43033","0.3979282407407407","0.43","mS"
"43033","0.3979398148148148","0.507","mS"
"43033","0.3979513888888889","0.507","mS"
"43033","0.397962962962963","0.585","mS"
"43033","0.3979745370370371","0.585","mS"
"43033","0.3979861111111111","0.585","mS"
"43033","0.3979976851851852","0.59","mS"
"43033","0.3980092592592592","0.59","mS"
"43033","0.3980208333333333","0.595","mS"
"43033","0.3980324074074074","0.595","mS"
"43033","0.3980439814814815","0.595","mS"
"43033","0.3980555555555556","0.597","mS"
"43033","0.3980671296296296","0.597","mS"
"43033","0.3980787037037037","0.602","mS"
"43033","0.3980902777777778","0.602","mS"
"43033","0.3981018518518518","0.602","mS"
"43033","0.398113425925926","0.602","mS"
"43033","0.398125","0.602","mS"
"43033","0.3981365740740741","0.572","mS"
"43033","0.3981481481481481","0.572","mS"
"43033","0.3981597222222222","0.572","mS"
"43033","0.3981712962962963","0.53","mS"
"43033","0.3981828703703704","0.53","mS"
"43033","0.3981944444444445","0.504","mS"
"43033","0.3982060185185185","0.504","mS"
"43033","0.3982175925925926","0.504","mS"
"43033","0.3982291666666666","0.522","mS"
"43033","0.3982407407407407","0.522","mS"
"43033","0.3982523148148148","0.527","mS"
"43033","0.3982638888888889","0.527","mS"
"43033","0.398275462962963","0.527","mS"
"43033","0.3982870370370371","0.512","mS"
"43033","0.3982986111111111","0.512","mS"
"43033","0.3983101851851852","0.53","mS"
"43033","0.3983217592592592","0.53","mS"
"43033","0.3983333333333334","0.53","mS"
"43033","0.3983449074074074","0.53","mS"
"43033","0.3983564814814815","0.53","mS"
"43033","0.3983680555555555","0.533","mS"
"43033","0.3983796296296296","0.533","mS"
"43033","0.3983912037037037","0.533","mS"
"43033","0.3984027777777778","0.527","mS"
"43033","0.3984143518518519","0.527","mS"
"43033","0.398425925925926","0.527","mS"
"43033","0.3984375","0.527","mS"
"43033","0.398449074074074","0.527","mS"
"43033","0.3984606481481481","0.52","mS"
"43033","0.3984722222222222","0.52","mS"
"43033","0.3984837962962963","0.538","mS"
"43033","0.3984953703703704","0.538","mS"
"43033","0.3985069444444445","0.538","mS"
"43033","0.3985185185185185","0.601","mS"
"43033","0.3985300925925926","0.601","mS"
"43033","0.3985416666666666","0.629","mS"
"43033","0.3985532407407408","0.629","mS"
"43033","0.3985648148148148","0.629","mS"
"43033","0.3985763888888889","0.631","mS"
"43033","0.3985879629629629","0.631","mS"
"43033","0.398599537037037","0.6830000000000001","mS"
"43033","0.3986111111111111","0.6830000000000001","mS"
"43033","0.3986226851851852","0.6830000000000001","mS"
"43033","0.3986342592592593","0.71","mS"
"43033","0.3986458333333334","0.71","mS"
"43033","0.3986574074074074","0.725","mS"
"43033","0.3986689814814815","0.725","mS"
"43033","0.3986805555555555","0.744","mS"
"43033","0.3986921296296296","0.744","mS"
"43033","0.3987037037037037","0.744","mS"
"43033","0.3987152777777778","0.772","mS"
"43033","0.3987268518518519","0.772","mS"
"43033","0.3987384259259259","0.804","mS"
"43033","0.39875","0.804","mS"
"43033","0.398761574074074","0.804","mS"
"43033","0.3987731481481482","0.823","mS"
"43033","0.3987847222222222","0.823","mS"
"43033","0.3987962962962963","0.831","mS"
"43033","0.3988078703703704","0.831","mS"
"43033","0.3988194444444444","0.831","mS"
"43033","0.3988310185185185","0.839","mS"
"43033","0.3988425925925926","0.839","mS"
"43033","0.3988541666666667","0.838","mS"
"43033","0.3988657407407408","0.838","mS"
"43033","0.3988773148148148","0.838","mS"
"43033","0.3988888888888889","0.819","mS"
"43033","0.3989004629629629","0.819","mS"
"43033","0.398912037037037","0.827","mS"
"43033","0.3989236111111111","0.827","mS"
"43033","0.3989351851851852","0.827","mS"
"43033","0.3989467592592593","0.87","mS"
"43033","0.3989583333333333","0.87","mS"
"43033","0.3989699074074074","0.903","mS"
"43033","0.3989814814814814","0.903","mS"
"43033","0.3989930555555556","0.913","mS"
"43033","0.3990046296296296","0.913","mS"
"43033","0.3990162037037037","0.913","mS"
"43033","0.3990277777777778","0.912","mS"
"43033","0.3990393518518519","0.912","mS"
"43033","0.3990509259259259","0.909","mS"
"43033","0.3990625","0.909","mS"
"43033","0.3990740740740741","0.909","mS"
"43033","0.3990856481481482","0.892","mS"
"43033","0.3990972222222222","0.892","mS"
"43033","0.3991087962962963","0.887","mS"
"43033","0.3991203703703703","0.887","mS"
"43033","0.3991319444444445","0.887","mS"
"43033","0.3991435185185185","0.885","mS"
"43033","0.3991550925925926","0.885","mS"
"43033","0.3991666666666667","0.878","mS"
"43033","0.3991782407407407","0.878","mS"
"43033","0.3991898148148148","0.878","mS"
"43033","0.3992013888888888","0.881","mS"
"43033","0.399212962962963","0.881","mS"
"43033","0.399224537037037","0.899","mS"
"43033","0.3992361111111111","0.899","mS"
"43033","0.3992476851851852","0.899","mS"
"43033","0.3992592592592593","0.906","mS"
"43033","0.3992708333333333","0.906","mS"
"43033","0.3992824074074074","0.914","mS"
"43033","0.3992939814814815","0.914","mS"
"43033","0.3993055555555556","0.914","mS"
"43033","0.3993171296296296","0.9379999999999999","mS"
"43033","0.3993287037037037","0.9379999999999999","mS"
"43033","0.3993402777777778","0.9399999999999999","mS"
"43033","0.3993518518518519","0.9399999999999999","mS"
"43033","0.3993634259259259","0.9399999999999999","mS"
"43033","0.4104976851851852","0","NO UNIT"
"43033","0.4105092592592592","0","NO UNIT"
"43033","0.4105208333333333","0","mS"
"43033","0.4105324074074074","0","mS"
"43033","0.4105439814814815","0","mS"
"43033","0.4105555555555556","0","mS"
"43033","0.4105671296296296","0","mS"
"43033","0.4105787037037037","0","mS"
"43033","0.4105902777777777","0","mS"
"43033","0.4106018518518519","0","mS"
"43033","0.4106134259259259","0","mS"
"43033","0.410625","0","mS"
"43033","0.4106365740740741","0","mS"
"43033","0.4106481481481482","0","mS"
"43033","0.4106597222222222","0","mS"
"43033","0.4106712962962963","0","mS"
"43033","0.4106828703703704","0","mS"
"43033","0.4106944444444445","0","mS"
"43033","0.4107060185185185","0","mS"
"43033","0.4107175925925926","0","mS"
"43033","0.4107291666666666","0","mS"
"43033","0.4107407407407408","0","mS"
"43033","0.4107523148148148","0","mS"
"43033","0.4107638888888889","0","mS"
"43033","0.410775462962963","0","mS"
"43033","0.410787037037037","0","mS"
"43033","0.4107986111111111","0","mS"
"43033","0.4108101851851851","0","mS"
"43033","0.4108217592592593","0","mS"
"43033","0.4108333333333333","0","mS"
"43033","0.4108449074074074","0","mS"
"43033","0.4108564814814815","0","mS"
"43033","0.4108680555555556","0","mS"
"43033","0.4108796296296296","0","mS"
"43033","0.4108912037037037","0","mS"
"43033","0.4109027777777778","0","mS"
"43033","0.4109143518518519","0","mS"
"43033","0.4109259259259259","0","mS"
"43033","0.4109375","0","mS"
"43033","0.410949074074074","0","mS"
"43033","0.4109606481481482","0","mS"
"43033","0.4109722222222222","0","mS"
"43033","0.4109837962962963","0","mS"
"43033","0.4109953703703704","0","mS"
"43033","0.4110069444444444","0","mS"
"43033","0.4110185185185185","0","mS"
"43033","0.4110300925925925","0","mS"
"43033","0.4110416666666667","0","mS"
"43033","0.4110532407407407","0","mS"
"43033","0.4110648148148148","0","mS"
"43033","0.4110763888888889","0","mS"
"43033","0.4110763888888889","0","mS"
"43033","0.411087962962963","0","mS"
"43033","0.411099537037037","0","mS"
"43033","0.4111111111111111","0","mS"
"43033","0.4111226851851852","0","mS"
"43033","0.4111342592592593","0","mS"
"43033","0.4111342592592593","0","mS"
"43033","0.4111458333333333","0","mS"
"43033","0.4111574074074074","0","mS"
"43033","0.4139236111111111","0","mS"
"43033","0.4139351851851852","0","mS"
"43033","0.4139467592592592","0","mS"
"43033","0.4139583333333334","0.015","mS"
"43033","0.4139699074074074","0.015","mS"
"43033","0.4139814814814815","0.015","mS"
"43033","0.4139930555555555","0.089","mS"
"43033","0.4140046296296296","0.089","mS"
"43033","0.4140162037037037","0.061","mS"
"43033","0.4140277777777778","0.061","mS"
"43033","0.4140393518518519","0.061","mS"
"43033","0.414050925925926","0","mS"
"43033","0.4140625","0","mS"
"43033","0.414074074074074","0","mS"
"43033","0.4140856481481481","0.174","mS"
"43033","0.4140972222222222","0.174","mS"
"43033","0.4141087962962963","0.144","mS"
"43033","0.4141203703703704","0.144","mS"
"43033","0.4141319444444445","0.144","mS"
"43033","0.4141435185185185","0.194","mS"
"43033","0.4141550925925926","0.194","mS"
"43033","0.4141666666666666","0.194","mS"
"43033","0.4141782407407408","0.194","mS"
"43033","0.4141898148148148","0.194","mS"
"43033","0.4142013888888889","0.194","mS"
"43033","0.4142129629629629","0.194","mS"
"43033","0.414224537037037","0.195","mS"
"43033","0.4142361111111111","0.195","mS"
"43033","0.4142476851851852","0.195","mS"
"43033","0.4142592592592593","0.195","mS"
"43033","0.4142708333333334","0.195","mS"
"43033","0.4142824074074074","0.195","mS"
"43033","0.4142939814814815","0.195","mS"
"43033","0.4143055555555555","0.195","mS"
"43033","0.4143171296296296","0.195","mS"
"43033","0.4143287037037037","0.195","mS"
"43033","0.4143402777777778","0.195","mS"
"43033","0.4143518518518519","0.195","mS"
"43033","0.4143634259259259","0.195","mS"
"43033","0.414375","0.195","mS"
"43033","0.414386574074074","0.195","mS"
"43033","0.4143981481481482","0.195","mS"
"43033","0.4144097222222222","0.195","mS"
"43033","0.4144212962962963","0.195","mS"
"43033","0.4144328703703704","0.195","mS"
"43033","0.4144444444444444","0.195","mS"
"43033","0.4144560185185185","0.195","mS"
"43033","0.4144675925925926","0.195","mS"
"43033","0.4144791666666667","0.195","mS"
"43033","0.4144907407407408","0.195","mS"
"43033","0.4145023148148148","0.195","mS"
"43033","0.4145138888888889","0.195","mS"
"43033","0.4145254629629629","0.195","mS"
"43033","0.414537037037037","0.195","mS"
"43033","0.4145486111111111","0.195","mS"
"43033","0.4145601851851852","0.195","mS"
"43033","0.4145717592592593","0.195","mS"
"43033","0.4145833333333333","0.195","mS"
"43033","0.4145949074074074","0.195","mS"
"43033","0.4146064814814814","0.195","mS"
"43033","0.4146180555555556","0.195","mS"
"43033","0.4146296296296296","0.195","mS"
"43033","0.4146412037037037","0.195","mS"
"43033","0.4146527777777778","0.195","mS"
"43033","0.4146643518518519","0.195","mS"
"43033","0.4146759259259259","0.195","mS"
"43033","0.4146875","0.195","mS"
"43033","0.4146990740740741","0.195","mS"
"43033","0.4147106481481482","0.196","mS"
"43033","0.4147222222222222","0.196","mS"
"43033","0.4147337962962963","0.196","mS"
"43033","0.4147453703703703","0.195","mS"
"43033","0.4147569444444445","0.195","mS"
"43033","0.4147685185185185","0.195","mS"
"43033","0.4147800925925926","0.195","mS"
"43033","0.4147916666666667","0.195","mS"
"43033","0.4148032407407407","0.195","mS"
"43033","0.4148148148148148","0.195","mS"
"43033","0.4148263888888888","0.195","mS"
"43033","0.414837962962963","0.195","mS"
"43033","0.414849537037037","0.195","mS"
"43033","0.4148611111111111","0.195","mS"
"43033","0.4148726851851852","0.195","mS"
"43033","0.4148842592592593","0.196","mS"
"43033","0.4148958333333333","0.196","mS"
"43033","0.4149074074074074","0.195","mS"
"43033","0.4149189814814815","0.195","mS"
"43033","0.4149305555555556","0.195","mS"
"43033","0.4149421296296296","0.195","mS"
"43033","0.4149537037037037","0.195","mS"
"43033","0.4149652777777778","0.195","mS"
"43033","0.4149768518518519","0.195","mS"
"43033","0.4149884259259259","0.195","mS"
"43033","0.415","0.195","mS"
"43033","0.4150115740740741","0.195","mS"
"43033","0.4150231481481481","0.195","mS"
"43033","0.4150347222222222","0.195","mS"
"43033","0.4150462962962962","0.197","mS"
"43033","0.4150578703703704","0.197","mS"
"43033","0.4150694444444444","0.197","mS"
"43033","0.4150810185185185","0.196","mS"
"43033","0.4150925925925926","0.196","mS"
"43033","0.4151041666666667","0.196","mS"
"43033","0.4151157407407407","0.196","mS"
"43033","0.4151273148148149","0.196","mS"
"43033","0.4151388888888889","0.196","mS"
"43033","0.415150462962963","0.196","mS"
"43033","0.415162037037037","0.196","mS"
"43033","0.4151736111111111","0.196","mS"
"43033","0.4151851851851852","0.196","mS"
"43033","0.4151967592592593","0.195","mS"
"43033","0.4152083333333333","0.195","mS"
"43033","0.4152199074074074","0.197","mS"
"43033","0.4152314814814815","0.197","mS"
"43033","0.4152430555555556","0.195","mS"
"43033","0.4152546296296296","0.195","mS"
"43033","0.4152662037037037","0.195","mS"
"43033","0.4152777777777778","0.196","mS"
"43033","0.4152893518518518","0.196","mS"
"43033","0.4153009259259259","0.196","mS"
"43033","0.4153125","0.196","mS"
"43033","0.4153240740740741","0.196","mS"
"43033","0.4153356481481481","0.195","mS"
"43033","0.4153472222222223","0.195","mS"
"43033","0.4153587962962963","0.195","mS"
"43033","0.4153703703703704","0.195","mS"
"43033","0.4153819444444444","0.196","mS"
"43033","0.4153935185185185","0.196","mS"
"43033","0.4154050925925926","0.196","mS"
"43033","0.4154166666666667","0.195","mS"
"43033","0.4154282407407408","0.195","mS"
"43033","0.4154398148148148","0.196","mS"
"43033","0.4154513888888889","0.196","mS"
"43033","0.415462962962963","0.196","mS"
"43033","0.415474537037037","0.194","mS"
"43033","0.4154861111111111","0.194","mS"
"43033","0.4154976851851852","0.196","mS"
"43033","0.4155092592592592","0.196","mS"
"43033","0.4155208333333333","0.196","mS"
"43033","0.4155324074074074","0.196","mS"
"43033","0.4155439814814815","0.196","mS"
"43033","0.4155555555555555","0.197","mS"
"43033","0.4155671296296297","0.197","mS"
"43033","0.4155787037037037","0.194","mS"
"43033","0.4155902777777778","0.194","mS"
"43033","0.4156018518518518","0.194","mS"
"43033","0.4156134259259259","0.194","mS"
"43033","0.415625","0.194","mS"
"43033","0.4156365740740741","0.196","mS"
"43033","0.4156481481481482","0.196","mS"
"43033","0.4156597222222222","0.196","mS"
"43033","0.4156712962962963","0.196","mS"
"43033","0.4156828703703704","0.196","mS"
"43033","0.4156944444444444","0.196","mS"
"43033","0.4157060185185186","0.196","mS"
"43033","0.4157175925925926","0.197","mS"
"43033","0.4157291666666666","0.197","mS"
"43033","0.4157407407407407","0.197","mS"
"43033","0.4157523148148148","0.196","mS"
"43033","0.4157638888888889","0.196","mS"
"43033","0.4157754629629629","0.196","mS"
"43033","0.4157870370370371","0.196","mS"
"43033","0.4157986111111111","0.196","mS"
"43033","0.4158101851851852","0.196","mS"
"43033","0.4158217592592592","0.196","mS"
"43033","0.4158333333333333","0.195","mS"
"43033","0.4158449074074074","0.195","mS"
"43033","0.4158564814814815","0.195","mS"
"43033","0.4158680555555556","0.195","mS"
"43033","0.4158796296296297","0.195","mS"
"43033","0.4158912037037037","0.196","mS"
"43033","0.4159027777777778","0.196","mS"
"43033","0.4159143518518518","0.196","mS"
"43033","0.415925925925926","0.196","mS"
"43033","0.4159375","0.196","mS"
"43033","0.4159490740740741","0.195","mS"
"43033","0.4159606481481481","0.195","mS"
"43033","0.4159722222222222","0.195","mS"
"43033","0.4159837962962963","0.195","mS"
"43033","0.4159953703703703","0.195","mS"
"43033","0.4160069444444445","0.196","mS"
"43033","0.4160185185185185","0.196","mS"
"43033","0.4160300925925926","0.195","mS"
"43033","0.4160416666666666","0.195","mS"
"43033","0.4160532407407407","0.195","mS"
"43033","0.4160648148148148","0.195","mS"
"43033","0.4160763888888889","0.195","mS"
"43033","0.416087962962963","0.195","mS"
"43033","0.4160995370370371","0.195","mS"
"43033","0.4161111111111111","0.195","mS"
"43033","0.4161226851851852","0.196","mS"
"43033","0.4161342592592592","0.196","mS"
"43033","0.4161458333333334","0.196","mS"
"43033","0.4161574074074074","0.196","mS"
"43033","0.4161689814814815","0.196","mS"
"43033","0.4161805555555556","0.194","mS"
"43033","0.4161921296296296","0.194","mS"
"43033","0.4162037037037037","0.194","mS"
"43033","0.4162152777777777","0.194","mS"
"43033","0.4162268518518519","0.194","mS"
"43033","0.4162384259259259","0.196","mS"
"43033","0.41625","0.196","mS"
"43033","0.416261574074074","0.196","mS"
"43033","0.4162731481481481","0.196","mS"
"43033","0.4162847222222222","0.196","mS"
"43033","0.4162962962962963","0.196","mS"
"43033","0.4163078703703704","0.196","mS"
"43033","0.4163194444444445","0.195","mS"
"43033","0.4163310185185185","0.195","mS"
"43033","0.4163425925925926","0.195","mS"
"43033","0.4163541666666666","0.194","mS"
"43033","0.4163657407407408","0.194","mS"
"43033","0.4163773148148148","0.196","mS"
"43033","0.4163888888888889","0.196","mS"
"43033","0.416400462962963","0.196","mS"
"43033","0.4164120370370371","0.196","mS"
"43033","0.4164236111111111","0.196","mS"
"43033","0.4164351851851851","0.196","mS"
"43033","0.4164467592592593","0.196","mS"
"43033","0.4164583333333333","0.196","mS"
"43033","0.4164699074074074","0.196","mS"
"43033","0.4164814814814815","0.196","mS"
"43033","0.4164930555555555","0.196","mS"
"43033","0.4165046296296296","0.196","mS"
"43033","0.4165162037037037","0.196","mS"
"43033","0.4165277777777778","0.196","mS"
"43033","0.4165393518518519","0.196","mS"
"43033","0.4165509259259259","0.194","mS"
"43033","0.4165625","0.194","mS"
"43033","0.416574074074074","0.194","mS"
"43033","0.4165856481481482","0.196","mS"
"43033","0.4165972222222222","0.196","mS"
"43033","0.4166087962962963","0.196","mS"
"43033","0.4166203703703704","0.196","mS"
"43033","0.4166319444444445","0.196","mS"
"43033","0.4166435185185185","0.196","mS"
"43033","0.4166550925925926","0.196","mS"
"43033","0.4166666666666667","0.196","mS"
"43033","0.4166782407407407","0.196","mS"
"43033","0.4166898148148148","0.196","mS"
"43033","0.4167013888888889","0.196","mS"
"43033","0.416712962962963","0.196","mS"
"43033","0.416724537037037","0.196","mS"
"43033","0.4167361111111111","0.196","mS"
"43033","0.4167476851851852","0.196","mS"
"43033","0.4167592592592593","0.196","mS"
"43033","0.4167708333333333","0.196","mS"
"43033","0.4167824074074074","0.196","mS"
"43033","0.4167939814814814","0.196","mS"
"43033","0.4168055555555556","0.196","mS"
"43033","0.4168171296296296","0.196","mS"
"43033","0.4168287037037037","0.196","mS"
"43033","0.4168402777777778","0.196","mS"
"43033","0.4168518518518519","0.196","mS"
"43033","0.4168634259259259","0.196","mS"
"43033","0.4168750000000001","0.195","mS"
"43033","0.4168865740740741","0.195","mS"
"43033","0.4168981481481482","0.196","mS"
"43033","0.4169097222222222","0.196","mS"
"43033","0.4169212962962963","0.196","mS"
"43033","0.4169328703703704","0.197","mS"
"43033","0.4169444444444444","0.197","mS"
"43033","0.4169560185185185","0.196","mS"
"43033","0.4169675925925926","0.196","mS"
"43033","0.4169791666666667","0.196","mS"
"43033","0.4169907407407407","0.196","mS"
"43033","0.4170023148148148","0.196","mS"
"43033","0.4170138888888889","0.196","mS"
"43033","0.417025462962963","0.196","mS"
"43033","0.417037037037037","0.196","mS"
"43033","0.4170486111111111","0.196","mS"
"43033","0.4170601851851852","0.196","mS"
"43033","0.4170717592592593","0.197","mS"
"43033","0.4170833333333333","0.197","mS"
"43033","0.4170949074074075","0.197","mS"
"43033","0.4171064814814815","0.196","mS"
"43033","0.4171180555555556","0.196","mS"
"43033","0.4171296296296296","0.196","mS"
"43033","0.4171412037037037","0.196","mS"
"43033","0.4171527777777778","0.196","mS"
"43033","0.4171643518518518","0.196","mS"
"43033","0.417175925925926","0.196","mS"
"43033","0.4171875","0.197","mS"
"43033","0.4171990740740741","0.197","mS"
"43033","0.4172106481481481","0.197","mS"
"43033","0.4172222222222222","0.196","mS"
"43033","0.4172337962962963","0.196","mS"
"43033","0.4172453703703704","0.197","mS"
"43033","0.4172569444444444","0.197","mS"
"43033","0.4172685185185185","0.196","mS"
"43033","0.4172800925925926","0.196","mS"
"43033","0.4172916666666667","0.196","mS"
"43033","0.4173032407407407","0.196","mS"
"43033","0.4173148148148149","0.196","mS"
"43033","0.4173263888888889","0.196","mS"
"43033","0.417337962962963","0.196","mS"
"43033","0.417349537037037","0.196","mS"
"43033","0.4173611111111111","0.196","mS"
"43033","0.4173726851851852","0.196","mS"
"43033","0.4173842592592592","0.196","mS"
"43033","0.4173958333333334","0.196","mS"
"43033","0.4174074074074074","0.197","mS"
"43033","0.4174189814814815","0.197","mS"
"43033","0.4174305555555555","0.197","mS"
"43033","0.4174421296296296","0.196","mS"
"43033","0.4174537037037037","0.196","mS"
"43033","0.4174652777777778","0.196","mS"
"43033","0.4174768518518518","0.196","mS"
"43033","0.4174884259259259","0.196","mS"
"43033","0.4175","0.196","mS"
"43033","0.4175115740740741","0.196","mS"
"43033","0.4175231481481481","0.196","mS"
"43033","0.4175347222222223","0.196","mS"
"43033","0.4175462962962963","0.196","mS"
"43033","0.4175578703703704","0.196","mS"
"43033","0.4175694444444444","0.196","mS"
"43033","0.4175810185185185","0.196","mS"
"43033","0.4175925925925926","0.196","mS"
"43033","0.4176041666666667","0.196","mS"
"43033","0.4176157407407408","0.196","mS"
"43033","0.4176273148148148","0.196","mS"
"43033","0.4176388888888889","0.196","mS"
"43033","0.4176504629629629","0.196","mS"
"43033","0.417662037037037","0.197","mS"
"43033","0.4176736111111111","0.197","mS"
"43033","0.4176851851851852","0.197","mS"
"43033","0.4176967592592593","0.196","mS"
"43033","0.4177083333333333","0.196","mS"
"43033","0.4177199074074074","0.197","mS"
"43033","0.4177314814814815","0.197","mS"
"43033","0.4177430555555555","0.197","mS"
"43033","0.4177546296296297","0.196","mS"
"43033","0.4177662037037037","0.196","mS"
"43033","0.4177777777777778","0.197","mS"
"43033","0.4177893518518518","0.197","mS"
"43033","0.4178009259259259","0.197","mS"
"43033","0.4178125","0.196","mS"
"43033","0.4178240740740741","0.196","mS"
"43033","0.4178356481481482","0.196","mS"
"43033","0.4178472222222223","0.196","mS"
"43033","0.4178587962962963","0.196","mS"
"43033","0.4178703703703703","0.196","mS"
"43033","0.4178819444444444","0.196","mS"
"43033","0.4178935185185185","0.197","mS"
"43033","0.4179050925925926","0.197","mS"
"43033","0.4179166666666667","0.197","mS"
"43033","0.4179282407407408","0.197","mS"
"43033","0.4179398148148148","0.197","mS"
"43033","0.4179513888888889","0.197","mS"
"43033","0.4429050925925926","0","NO UNIT"
"43033","0.4429282407407407","0","NO UNIT"
"43033","0.4429398148148149","0","NO UNIT"
"43033","0.4429513888888889","0","NO UNIT"
"43033","0.4432291666666666","0.188","mS"
"43033","0.4432407407407408","0.188","mS"
"43033","0.4432523148148148","0.188","mS"
"43033","0.4432638888888889","0.188","mS"
"43033","0.4432754629629629","0.188","mS"
"43033","0.443287037037037","0.189","mS"
"43033","0.4432986111111111","0.189","mS"
"43033","0.4433101851851852","0.189","mS"
"43033","0.4433217592592593","0.189","mS"
"43033","0.4433333333333334","0.189","mS"
"43033","0.4433449074074074","0.189","mS"
"43033","0.4433564814814815","0.189","mS"
"43033","0.4433680555555555","0.19","mS"
"43033","0.4433796296296297","0.19","mS"
"43033","0.4433912037037037","0.19","mS"
"43033","0.4434027777777778","0.189","mS"
"43033","0.4434143518518519","0.189","mS"
"43033","0.4434259259259259","0.19","mS"
"43033","0.4434375","0.19","mS"
"43033","0.443449074074074","0.19","mS"
"43033","0.4434606481481482","0.19","mS"
"43033","0.4434722222222222","0.19","mS"
"43033","0.4434837962962963","0.19","mS"
"43033","0.4434953703703703","0.19","mS"
"43033","0.4435069444444444","0.19","mS"
"43033","0.4435185185185185","0.19","mS"
"43033","0.4435300925925926","0.19","mS"
"43033","0.4435416666666667","0.19","mS"
"43033","0.4435532407407408","0.191","mS"
"43033","0.4435648148148148","0.191","mS"
"43033","0.4435763888888889","0.192","mS"
"43033","0.4435879629629629","0.192","mS"
"43033","0.4435995370370371","0.192","mS"
"43033","0.4436111111111111","0.19","mS"
"43033","0.4436226851851852","0.19","mS"
"43033","0.4436342592592593","0.19","mS"
"43033","0.4436458333333334","0.19","mS"
"43033","0.4436574074074074","0.19","mS"
"43033","0.4436689814814814","0.19","mS"
"43033","0.4436805555555556","0.19","mS"
"43033","0.4436921296296296","0.19","mS"
"43033","0.4437037037037037","0.19","mS"
"43033","0.4437152777777778","0.19","mS"
"43033","0.4437268518518518","0.19","mS"
"43033","0.4437384259259259","0.19","mS"
"43033","0.44375","0.19","mS"
"43033","0.4437615740740741","0.19","mS"
"43033","0.4437731481481482","0.19","mS"
"43033","0.4437847222222222","0.214","mS"
"43033","0.4437962962962963","0.214","mS"
"43033","0.4438078703703703","0.232","mS"
"43033","0.4438194444444445","0.232","mS"
"43033","0.4438310185185185","0.232","mS"
"43033","0.4438425925925926","0.367","mS"
"43033","0.4438541666666667","0.367","mS"
"43033","0.4438657407407408","0.538","mS"
"43033","0.4438773148148148","0.538","mS"
"43033","0.4438888888888889","0.538","mS"
"43033","0.443900462962963","0.597","mS"
"43033","0.443912037037037","0.597","mS"
"43033","0.4439236111111111","0.718","mS"
"43033","0.4439351851851852","0.718","mS"
"43033","0.4439467592592592","0.718","mS"
"43033","0.4439583333333333","0.931","mS"
"43033","0.4439699074074074","0.931","mS"
"43033","0.4439814814814815","0.931","mS"
"43033","0.4439930555555556","0.977","mS"
"43033","0.4440046296296296","0.977","mS"
"43033","0.4440162037037037","1.132","mS"
"43033","0.4440277777777777","1.132","mS"
"43033","0.4440393518518519","1.132","mS"
"43033","0.4440509259259259","1.29","mS"
"43033","0.4440625","1.29","mS"
"43033","0.4440740740740741","1.309","mS"
"43033","0.4440856481481482","1.309","mS"
"43033","0.4440972222222222","1.31","mS"
"43033","0.4441087962962963","1.31","mS"
"43033","0.4441203703703704","1.31","mS"
"43033","0.4441319444444444","1.365","mS"
"43033","0.4441435185185185","1.365","mS"
"43033","0.4441550925925926","1.479","mS"
"43033","0.4441666666666667","1.479","mS"
"43033","0.4441782407407407","1.479","mS"
"43033","0.4441898148148148","1.517","mS"
"43033","0.4442013888888889","1.517","mS"
"43033","0.444212962962963","1.335","mS"
"43033","0.444224537037037","1.335","mS"
"43033","0.4442361111111111","1.335","mS"
"43033","0.4442476851851851","1.39","mS"
"43033","0.4442592592592593","1.39","mS"
"43033","0.4442708333333333","1.628","mS"
"43033","0.4442824074074074","1.628","mS"
"43033","0.4442939814814815","1.708","mS"
"43033","0.4443055555555556","1.708","mS"
"43033","0.4443171296296296","1.708","mS"
"43033","0.4443287037037038","1.759","mS"
"43033","0.4443402777777778","1.759","mS"
"43033","0.4443518518518519","1.764","mS"
"43033","0.4443634259259259","1.764","mS"
"43033","0.444375","1.764","mS"
"43033","0.4443865740740741","1.776","mS"
"43033","0.4443981481481481","1.776","mS"
"43033","0.4444097222222222","1.771","mS"
"43033","0.4444212962962963","1.771","mS"
"43033","0.4444328703703704","1.81","mS"
"43033","0.4444444444444444","1.81","mS"
"43033","0.4444560185185185","1.81","mS"
"43033","0.4444675925925926","1.817","mS"
"43033","0.4444791666666667","1.817","mS"
"43033","0.4444907407407407","1.86","mS"
"43033","0.4445023148148148","1.86","mS"
"43033","0.4445138888888889","1.86","mS"
"43033","0.444525462962963","1.896","mS"
"43033","0.444537037037037","1.896","mS"
"43033","0.4445486111111112","1.917","mS"
"43033","0.4445601851851852","1.917","mS"
"43033","0.4445717592592593","1.917","mS"
"43033","0.4445833333333333","1.928","mS"
"43033","0.4445949074074074","1.928","mS"
"43033","0.4446064814814815","1.953","mS"
"43033","0.4446180555555555","1.953","mS"
"43033","0.4446296296296297","1.967","mS"
"43033","0.4446412037037037","1.967","mS"
"43033","0.4446527777777778","1.967","mS"
"43033","0.4446643518518518","1.978","mS"
"43033","0.4446759259259259","1.978","mS"
"43033","0.4446875","1.966","mS"
"43033","0.4446990740740741","1.966","mS"
"43033","0.4447106481481481","1.966","mS"
"43033","0.4447222222222222","1.994","mS"
"43033","0.4447337962962963","1.994","mS"
"43033","0.4447453703703704","1.992","mS"
"43033","0.4447569444444444","1.992","mS"
"43033","0.4447685185185186","1.992","mS"
"43033","0.4447800925925926","1.973","mS"
"43033","0.4447916666666667","1.973","mS"
"43033","0.4448032407407407","1.992","mS"
"43033","0.4448148148148148","1.992","mS"
"43033","0.4448263888888889","1.992","mS"
"43033","0.444837962962963","999999","mS"
"43033","0.4448495370370371","999999","mS"
"43033","0.4448611111111111","1.945","mS"
"43033","0.4448726851851852","1.945","mS"
"43033","0.4448842592592592","1.945","mS"
"43033","0.4448958333333333","1.995","mS"
"43033","0.4449074074074074","1.995","mS"
"43033","0.4449189814814815","999999","mS"
"43033","0.4449305555555556","999999","mS"
"43033","0.4449421296296296","999999","mS"
"43033","0.4449537037037037","999999","mS"
"43033","0.4449652777777778","999999","mS"
"43033","0.4449768518518518","1.923","mS"
"43033","0.444988425925926","1.923","mS"
"43033","0.445","1.937","mS"
"43033","0.4450115740740741","1.937","mS"
"43033","0.4450231481481481","1.937","mS"
"43033","0.4450347222222222","1.921","mS"
"43033","0.4450462962962963","1.921","mS"
"43033","0.4450578703703704","1.937","mS"
"43033","0.4450694444444445","1.937","mS"
"43033","0.4450810185185185","1.937","mS"
"43033","0.4450925925925926","1.956","mS"
"43033","0.4451041666666666","1.956","mS"
"43033","0.4451157407407407","999999","mS"
"43033","0.4451273148148148","999999","mS"
"43033","0.4451388888888889","999999","mS"
"43033","0.445150462962963","999999","mS"
"43033","0.4451620370370371","999999","mS"
"43033","0.4451736111111111","999999","mS"
"43033","0.4451851851851852","999999","mS"
"43033","0.4451967592592592","999999","mS"
"43033","0.4452083333333334","999999","mS"
"43033","0.4452199074074074","999999","mS"
"43033","0.4452314814814815","1.994","mS"
"43033","0.4452430555555555","1.994","mS"
"43033","0.4452546296296296","1.994","mS"
"43033","0.4452662037037037","999999","mS"
"43033","0.4452777777777778","999999","mS"
"43033","0.4452893518518519","999999","mS"
"43033","0.445300925925926","999999","mS"
"43033","0.4453125","999999","mS"
"43033","0.445324074074074","999999","mS"
"43033","0.4453356481481481","999999","mS"
"43033","0.4453472222222222","999999","mS"
"43033","0.4453587962962963","999999","mS"
"43033","0.4453703703703704","999999","mS"
"43033","0.4453819444444445","999999","mS"
"43033","0.4453935185185185","999999","mS"
"43033","0.4454050925925926","999999","mS"
"43033","0.4454166666666666","999999","mS"
"43033","0.4454282407407408","999999","mS"
"43033","0.4454398148148148","999999","mS"
"43033","0.4454513888888889","999999","mS"
"43033","0.4454629629629629","999999","mS"
"43033","0.445474537037037","999999","mS"
"43033","0.4454861111111111","999999","mS"
"43033","0.4454976851851852","999999","mS"
"43033","0.4455092592592593","999999","mS"
"43033","0.4455208333333334","999999","mS"
"43033","0.4455324074074074","999999","mS"
"43033","0.4455439814814815","999999","mS"
"43033","0.4455555555555555","999999","mS"
"43033","0.4455671296296296","999999","mS"
"43033","0.4455787037037037","1.992","mS"
"43033","0.4455902777777778","1.992","mS"
"43033","0.4456018518518519","1.986","mS"
"43033","0.4456134259259259","1.986","mS"
"43033","0.445625","1.986","mS"
"43033","0.445636574074074","1.981","mS"
"43033","0.4456481481481482","1.981","mS"
"43033","0.4456597222222222","1.981","mS"
"43033","0.4456712962962963","1.981","mS"
"43033","0.4456828703703704","1.981","mS"
"43033","0.4456944444444444","999999","mS"
"43033","0.4457060185185185","999999","mS"
"43033","0.4457175925925926","999999","mS"
"43033","0.4457291666666667","999999","mS"
"43033","0.4457407407407408","999999","mS"
"43033","0.4457523148148148","999999","mS"
"43033","0.4457638888888889","999999","mS"
"43033","0.4457754629629629","999999","mS"
"43033","0.445787037037037","999999","mS"
"43033","0.4457986111111111","999999","mS"
"43033","0.4458101851851852","999999","mS"
"43033","0.4458217592592593","999999","mS"
"43033","0.4458333333333333","1.984","mS"
"43033","0.4458449074074074","1.984","mS"
"43033","0.4458564814814814","1.984","mS"
"43033","0.4458680555555556","1.982","mS"
"43033","0.4458796296296296","1.982","mS"
"43033","0.4458912037037037","999999","mS"
"43033","0.4459027777777778","999999","mS"
"43033","0.4459143518518519","999999","mS"
"43033","0.4459259259259259","1.986","mS"
"43033","0.4459375","1.986","mS"
"43033","0.4459490740740741","1.993","mS"
"43033","0.4459606481481482","1.993","mS"
"43033","0.4459722222222222","1.993","mS"
"43033","0.4459837962962963","999999","mS"
"43033","0.4459953703703703","999999","mS"
"43033","0.4460069444444445","999999","mS"
"43033","0.4460185185185185","999999","mS"
"43033","0.4460300925925926","999999","mS"
"43033","0.4460416666666667","999999","mS"
"43033","0.4460532407407407","999999","mS"
"43033","0.4460648148148148","1.975","mS"
"43033","0.4460763888888888","1.975","mS"
"43033","0.446087962962963","1.975","mS"
"43033","0.446099537037037","1.993","mS"
"43033","0.4461111111111111","1.993","mS"
"43033","0.4461226851851852","1.912","mS"
"43033","0.4461342592592593","1.912","mS"
"43033","0.4461458333333333","1.912","mS"
"43033","0.4461574074074074","1.932","mS"
"43033","0.4461689814814815","1.932","mS"
"43033","0.4461805555555556","1.972","mS"
"43033","0.4461921296296296","1.972","mS"
"43033","0.4462037037037037","1.997","mS"
"43033","0.4462152777777778","1.997","mS"
"43033","0.4462268518518519","1.997","mS"
"43033","0.4462384259259259","1.995","mS"
"43033","0.44625","1.995","mS"
"43033","0.4462615740740741","1.984","mS"
"43033","0.4462731481481481","1.984","mS"
"43033","0.4462847222222222","1.984","mS"
"43033","0.4462962962962962","1.944","mS"
"43033","0.4463078703703704","1.944","mS"
"43033","0.4463194444444444","1.961","mS"
"43033","0.4463310185185185","1.961","mS"
"43033","0.4463425925925926","1.961","mS"
"43033","0.4463541666666667","1.961","mS"
"43033","0.4463657407407407","1.961","mS"
"43033","0.4463773148148149","1.975","mS"
"43033","0.4463888888888889","1.975","mS"
"43033","0.446400462962963","1.975","mS"
"43033","0.446412037037037","1.975","mS"
"43033","0.4464236111111111","1.975","mS"
"43033","0.4464351851851852","1.965","mS"
"43033","0.4464467592592593","1.965","mS"
"43033","0.4464583333333333","1.962","mS"
"43033","0.4464699074074074","1.962","mS"
"43033","0.4464814814814815","1.962","mS"
"43033","0.4464930555555556","1.956","mS"
"43033","0.4465046296296296","1.956","mS"
"43033","0.4465162037037037","1.944","mS"
"43033","0.4465277777777778","1.944","mS"
"43033","0.4465393518518518","1.963","mS"
"43033","0.4465509259259259","1.963","mS"
"43033","0.4465625","1.963","mS"
"43033","0.4465740740740741","999999","mS"
"43033","0.4465856481481481","999999","mS"
"43033","0.4465972222222223","999999","mS"
"43033","0.4466087962962963","999999","mS"
"43033","0.4466203703703704","999999","mS"
"43033","0.4466319444444444","999999","mS"
"43033","0.4466435185185185","999999","mS"
"43033","0.4466550925925926","999999","mS"
"43033","0.4466666666666667","999999","mS"
"43033","0.4466782407407408","999999","mS"
"43033","0.4466898148148148","999999","mS"
"43033","0.4467013888888889","999999","mS"
"43033","0.446712962962963","999999","mS"
"43033","0.446724537037037","999999","mS"
"43033","0.4467361111111111","999999","mS"
"43033","0.4467476851851852","999999","mS"
"43033","0.4467592592592592","999999","mS"
"43033","0.4467708333333333","999999","mS"
"43033","0.4467824074074074","999999","mS"
"43033","0.4467939814814815","999999","mS"
"43033","0.4468055555555555","999999","mS"
"43033","0.4468171296296297","999999","mS"
"43033","0.4468287037037037","999999","mS"
"43033","0.4468402777777778","999999","mS"
"43033","0.4468518518518518","999999","mS"
"43033","0.4468634259259259","999999","mS"
"43033","0.446875","999999","mS"
"43033","0.4468865740740741","999999","mS"
"43033","0.4468981481481482","999999","mS"
"43033","0.4469097222222222","999999","mS"
"43033","0.4469212962962963","999999","mS"
"43033","0.4469328703703704","999999","mS"
"43033","0.4469444444444444","999999","mS"
"43033","0.4469560185185186","999999","mS"
"43033","0.4469675925925926","999999","mS"
"43033","0.4469791666666666","999999","mS"
"43033","0.4469907407407407","999999","mS"
"43033","0.4470023148148148","999999","mS"
"43033","0.4470138888888889","999999","mS"
"43033","0.4470254629629629","999999","mS"
"43033","0.4470370370370371","999999","mS"
"43033","0.4470486111111111","999999","mS"
"43033","0.4470601851851852","999999","mS"
"43033","0.4470717592592592","999999","mS"
"43033","0.4470833333333333","999999","mS"
"43033","0.4470949074074074","999999","mS"
"43033","0.4471064814814815","999999","mS"
"43033","0.4471180555555556","999999","mS"
"43033","0.4471296296296297","999999","mS"
"43033","0.4471412037037037","999999","mS"
"43033","0.4471527777777778","999999","mS"
"43033","0.4471643518518518","999999","mS"
"43033","0.447175925925926","999999","mS"
"43033","0.4471875","999999","mS"
"43033","0.4471990740740741","999999","mS"
"43033","0.4472106481481481","999999","mS"
"43033","0.4472222222222222","1.953","mS"
"43033","0.4472337962962963","1.953","mS"
"43033","0.4472453703703703","1.953","mS"
"43033","0.4472569444444445","1.61","mS"
"43033","0.4472685185185185","1.61","mS"
"43033","0.4472800925925926","1.47","mS"
"43033","0.4472916666666666","1.47","mS"
"43033","0.4473032407407407","1.47","mS"
"43033","0.4473148148148148","1.07","mS"
"43033","0.4473263888888889","1.07","mS"
"43033","0.447337962962963","0.377","mS"
"43033","0.4473495370370371","0.377","mS"
"43033","0.4473611111111111","0.377","mS"
"43033","0.4473726851851852","0","mS"
"43033","0.4473842592592592","0","mS"
"43033","0.4473958333333334","0","mS"
"43033","0.4474074074074074","0","mS"
"43033","0.4474189814814815","0","mS"
"43033","0.4474305555555556","0","mS"
"43033","0.4474421296296296","0","mS"
"43033","0.4474537037037037","0","mS"
"43033","0.4474652777777777","0","mS"
"43033","0.4474768518518519","0","mS"
"43033","0.4474884259259259","0","mS"
"43033","0.4475","0","mS"
"43033","0.447511574074074","0","mS"
"43033","0.4475231481481481","0","mS"
"43033","0.4475347222222222","0","mS"
"43033","0.4475462962962963","0","mS"
"43033","0.4475578703703704","0","mS"
"43033","0.4475694444444445","0","mS"
"43033","0.4475810185185185","0","mS"
"43033","0.4512037037037037","0.185","mS"
"43033","0.4512152777777778","0.185","mS"
"43033","0.4512268518518519","0.186","mS"
"43033","0.4512384259259259","0.186","mS"
"43033","0.45125","0.186","mS"
"43033","0.451261574074074","0.187","mS"
"43033","0.4512731481481482","0.187","mS"
"43033","0.4512847222222222","0.187","mS"
"43033","0.4512962962962963","0.188","mS"
"43033","0.4513078703703703","0.188","mS"
"43033","0.4513194444444444","0.189","mS"
"43033","0.4513310185185185","0.189","mS"
"43033","0.4513425925925926","0.189","mS"
"43033","0.4513541666666667","0.189","mS"
"43033","0.4513657407407408","0.189","mS"
"43033","0.4513773148148148","0.19","mS"
"43033","0.4513888888888889","0.19","mS"
"43033","0.4514004629629629","0.19","mS"
"43033","0.4514120370370371","0.19","mS"
"43033","0.4514236111111111","0.19","mS"
"43033","0.4514351851851852","0.19","mS"
"43033","0.4514467592592593","0.19","mS"
"43033","0.4514583333333334","0.19","mS"
"43033","0.4514699074074074","0.19","mS"
"43033","0.4514814814814814","0.19","mS"
"43033","0.4514930555555556","0.19","mS"
"43033","0.4515046296296296","0.19","mS"
"43033","0.4515162037037037","0.19","mS"
"43033","0.4515277777777778","0.19","mS"
"43033","0.4515393518518518","0.19","mS"
"43033","0.4515509259259259","0.191","mS"
"43033","0.4515625","0.191","mS"
"43033","0.4515740740740741","0.191","mS"
"43033","0.4515856481481482","0.191","mS"
"43033","0.4515972222222222","0.191","mS"
"43033","0.4516087962962963","0.191","mS"
"43033","0.4516203703703703","0.191","mS"
"43033","0.4516319444444445","0.191","mS"
"43033","0.4516435185185185","0.191","mS"
"43033","0.4516550925925926","0.191","mS"
"43033","0.4516666666666667","0.191","mS"
"43033","0.4516782407407408","0.191","mS"
"43033","0.4516898148148148","0.191","mS"
"43033","0.4517013888888889","0.191","mS"
"43033","0.451712962962963","0.191","mS"
"43033","0.451724537037037","0.191","mS"
"43033","0.4517361111111111","0.191","mS"
"43033","0.4517476851851852","0.191","mS"
"43033","0.4517592592592592","0.193","mS"
"43033","0.4517708333333333","0.193","mS"
"43033","0.4517824074074074","0.196","mS"
"43033","0.4517939814814815","0.196","mS"
"43033","0.4518055555555556","0.206","mS"
"43033","0.4518171296296296","0.206","mS"
"43033","0.4518287037037037","0.206","mS"
"43033","0.4518402777777777","0.214","mS"
"43033","0.4518518518518519","0.214","mS"
"43033","0.4518634259259259","0.219","mS"
"43033","0.451875","0.219","mS"
"43033","0.4518865740740741","0.219","mS"
"43033","0.4518981481481482","0.245","mS"
"43033","0.4519097222222222","0.245","mS"
"43033","0.4519212962962963","0.251","mS"
"43033","0.4519328703703704","0.251","mS"
"43033","0.4519444444444444","0.251","mS"
"43033","0.4519560185185185","0.251","mS"
"43033","0.4519675925925926","0.251","mS"
"43033","0.4519791666666667","0.253","mS"
"43033","0.4519907407407407","0.253","mS"
"43033","0.4520023148148148","0.262","mS"
"43033","0.4520138888888889","0.262","mS"
"43033","0.452025462962963","0.262","mS"
"43033","0.452037037037037","0.269","mS"
"43033","0.4520486111111111","0.269","mS"
"43033","0.4520601851851851","0.269","mS"
"43033","0.4520717592592593","0.289","mS"
"43033","0.4520833333333333","0.289","mS"
"43033","0.4520949074074074","0.305","mS"
"43033","0.4521064814814815","0.305","mS"
"43033","0.4521180555555556","0.323","mS"
"43033","0.4521296296296296","0.323","mS"
"43033","0.4521412037037038","0.323","mS"
"43033","0.4521527777777778","0.372","mS"
"43033","0.4521643518518519","0.372","mS"
"43033","0.4521759259259259","0.372","mS"
"43033","0.4521875","0.425","mS"
"43033","0.4521990740740741","0.425","mS"
"43033","0.4522106481481481","0.448","mS"
"43033","0.4522222222222222","0.448","mS"
"43033","0.4522337962962963","0.448","mS"
"43033","0.4522453703703704","0.486","mS"
"43033","0.4522569444444444","0.486","mS"
"43033","0.4522685185185185","0.476","mS"
"43033","0.4522800925925926","0.476","mS"
"43033","0.4522916666666667","0.503","mS"
"43033","0.4523032407407407","0.503","mS"
"43033","0.4523148148148148","0.503","mS"
"43033","0.4523263888888889","0.517","mS"
"43033","0.452337962962963","0.517","mS"
"43033","0.452349537037037","0.52","mS"
"43033","0.4523611111111112","0.52","mS"
"43033","0.4523726851851852","0.52","mS"
"43033","0.4523842592592593","0.5610000000000001","mS"
"43033","0.4523958333333333","0.5610000000000001","mS"
"43033","0.4524074074074074","0.649","mS"
"43033","0.4524189814814815","0.649","mS"
"43033","0.4524305555555555","0.649","mS"
"43033","0.4524421296296297","0.713","mS"
"43033","0.4524537037037037","0.713","mS"
"43033","0.4524652777777778","0.719","mS"
"43033","0.4524768518518518","0.719","mS"
"43033","0.4524884259259259","0.719","mS"
"43033","0.4525","0.73","mS"
"43033","0.4525115740740741","0.73","mS"
"43033","0.4525231481481481","0.783","mS"
"43033","0.4525347222222222","0.783","mS"
"43033","0.4525462962962963","0.783","mS"
"43033","0.4525578703703704","0.857","mS"
"43033","0.4525694444444444","0.857","mS"
"43033","0.4525810185185186","0.892","mS"
"43033","0.4525925925925926","0.892","mS"
"43033","0.4526041666666667","0.892","mS"
"43033","0.4526157407407407","0.949","mS"
"43033","0.4526273148148148","0.949","mS"
"43033","0.4526388888888889","0.949","mS"
"43033","0.452650462962963","0.955","mS"
"43033","0.4526620370370371","0.955","mS"
"43033","0.4526736111111111","0.9409999999999999","mS"
"43033","0.4526851851851852","0.9409999999999999","mS"
"43033","0.4526967592592592","0.9350000000000001","mS"
"43033","0.4527083333333333","0.9350000000000001","mS"
"43033","0.4527199074074074","0.9350000000000001","mS"
"43033","0.4527314814814815","0.982","mS"
"43033","0.4527430555555556","0.982","mS"
"43033","0.4527546296296296","1.053","mS"
"43033","0.4527662037037037","1.053","mS"
"43033","0.4527777777777778","1.053","mS"
"43033","0.4527893518518518","1.106","mS"
"43033","0.452800925925926","1.106","mS"
"43033","0.4528125","1.106","mS"
"43033","0.4528240740740741","1.179","mS"
"43033","0.4528356481481481","1.179","mS"
"43033","0.4528472222222222","1.232","mS"
"43033","0.4528587962962963","1.232","mS"
"43033","0.4528703703703704","1.229","mS"
"43033","0.4528819444444445","1.229","mS"
"43033","0.4528935185185185","1.229","mS"
"43033","0.4529050925925926","1.235","mS"
"43033","0.4529166666666666","1.235","mS"
"43033","0.4529282407407407","1.235","mS"
"43033","0.4529398148148148","1.239","mS"
"43033","0.4529513888888889","1.239","mS"
"43033","0.452962962962963","1.198","mS"
"43033","0.4529745370370371","1.198","mS"
"43033","0.4529861111111111","1.165","mS"
"43033","0.4529976851851852","1.165","mS"
"43033","0.4530092592592592","1.165","mS"
"43033","0.4530208333333334","1.227","mS"
"43033","0.4530324074074074","1.227","mS"
"43033","0.4530439814814815","1.312","mS"
"43033","0.4530555555555555","1.312","mS"
"43033","0.4530671296296296","1.312","mS"
"43033","0.4530787037037037","1.298","mS"
"43033","0.4530902777777778","1.298","mS"
"43033","0.4531018518518519","1.298","mS"
"43033","0.453113425925926","1.308","mS"
"43033","0.453125","1.308","mS"
"43033","0.453136574074074","1.316","mS"
"43033","0.4531481481481481","1.316","mS"
"43033","0.4531597222222222","1.329","mS"
"43033","0.4531712962962963","1.329","mS"
"43033","0.4531828703703704","1.329","mS"
"43033","0.4531944444444445","1.343","mS"
"43033","0.4532060185185185","1.343","mS"
"43033","0.4532175925925926","1.366","mS"
"43033","0.4532291666666666","1.366","mS"
"43033","0.4532407407407408","1.366","mS"
"43033","0.4532523148148148","1.385","mS"
"43033","0.4532638888888889","1.385","mS"
"43033","0.4532754629629629","1.385","mS"
"43033","0.453287037037037","1.413","mS"
"43033","0.4532986111111111","1.413","mS"
"43033","0.4533101851851852","1.411","mS"
"43033","0.4533217592592593","1.411","mS"
"43033","0.4533333333333334","1.413","mS"
"43033","0.4533449074074074","1.413","mS"
"43033","0.4533564814814815","1.413","mS"
"43033","0.4533680555555555","1.432","mS"
"43033","0.4533796296296296","1.432","mS"
"43033","0.4533912037037037","1.432","mS"
"43033","0.4534027777777778","1.458","mS"
"43033","0.4534143518518519","1.458","mS"
"43033","0.4534259259259259","1.491","mS"
"43033","0.4534375","1.491","mS"
"43033","0.453449074074074","1.488","mS"
"43033","0.4534606481481482","1.488","mS"
"43033","0.4534722222222222","1.488","mS"
"43033","0.4534837962962963","1.475","mS"
"43033","0.4534953703703704","1.475","mS"
"43033","0.4535069444444444","1.473","mS"
"43033","0.4535185185185185","1.473","mS"
"43033","0.4535300925925926","1.473","mS"
"43033","0.4535416666666667","1.497","mS"
"43033","0.4535532407407408","1.497","mS"
"43033","0.4535648148148148","1.508","mS"
"43033","0.4535763888888889","1.508","mS"
"43033","0.4535879629629629","1.508","mS"
"43033","0.453599537037037","1.519","mS"
"43033","0.4536111111111111","1.519","mS"
"43033","0.4536226851851852","1.532","mS"
"43033","0.4536342592592593","1.532","mS"
"43033","0.4536458333333333","1.532","mS"
"43033","0.4536574074074074","1.522","mS"
"43033","0.4536689814814814","1.522","mS"
"43033","0.4536805555555556","1.522","mS"
"43033","0.4536921296296296","1.525","mS"
"43033","0.4537037037037037","1.525","mS"
"43033","0.4537152777777778","1.532","mS"
"43033","0.4537268518518519","1.532","mS"
"43033","0.4537384259259259","1.542","mS"
"43033","0.45375","1.542","mS"
"43033","0.4537615740740741","1.542","mS"
"43033","0.4537731481481482","1.546","mS"
"43033","0.4537847222222222","1.546","mS"
"43033","0.4537962962962963","1.551","mS"
"43033","0.4538078703703703","1.551","mS"
"43033","0.4538194444444445","1.558","mS"
"43033","0.4538310185185185","1.558","mS"
"43033","0.4538425925925926","1.558","mS"
"43033","0.4538541666666667","1.562","mS"
"43033","0.4538657407407407","1.562","mS"
"43033","0.4538773148148148","1.569","mS"
"43033","0.4538888888888888","1.569","mS"
"43033","0.453900462962963","1.569","mS"
"43033","0.453912037037037","1.567","mS"
"43033","0.4539236111111111","1.567","mS"
"43033","0.4539351851851852","1.555","mS"
"43033","0.4539467592592593","1.555","mS"
"43033","0.4539583333333333","1.559","mS"
"43033","0.4539699074074074","1.559","mS"
"43033","0.4539814814814815","1.559","mS"
"43033","0.4539930555555556","1.576","mS"
"43033","0.4540046296296296","1.576","mS"
"43033","0.4540162037037037","1.576","mS"
"43033","0.4540277777777778","1.563","mS"
"43033","0.4540393518518519","1.563","mS"
"43033","0.4540509259259259","1.579","mS"
"43033","0.4540625","1.579","mS"
"43033","0.4540740740740741","1.585","mS"
"43033","0.4540856481481481","1.585","mS"
"43033","0.4540972222222222","1.585","mS"
"43033","0.4541087962962962","1.578","mS"
"43033","0.4541203703703704","1.578","mS"
"43033","0.4541319444444444","1.563","mS"
"43033","0.4541435185185185","1.563","mS"
"43033","0.4541550925925926","1.563","mS"
"43033","0.4541666666666667","1.538","mS"
"43033","0.4541782407407407","1.538","mS"
"43033","0.4541898148148149","1.506","mS"
"43033","0.4542013888888889","1.506","mS"
"43033","0.454212962962963","1.503","mS"
"43033","0.454224537037037","1.503","mS"
"43033","0.4542361111111111","1.503","mS"
"43033","0.4542476851851852","1.559","mS"
"43033","0.4542592592592593","1.559","mS"
"43033","0.4542708333333333","1.567","mS"
"43033","0.4542824074074074","1.567","mS"
"43033","0.4542939814814815","1.567","mS"
"43033","0.4543055555555556","1.479","mS"
"43033","0.4543171296296296","1.479","mS"
"43033","0.4543287037037037","1.479","mS"
"43033","0.4543402777777778","1.494","mS"
"43033","0.4543518518518518","1.494","mS"
"43033","0.4543634259259259","1.531","mS"
"43033","0.454375","1.531","mS"
"43033","0.4543865740740741","1.536","mS"
"43033","0.4543981481481481","1.536","mS"
"43033","0.4544097222222223","1.536","mS"
"43033","0.4544212962962963","1.545","mS"
"43033","0.4544328703703704","1.545","mS"
"43033","0.4544444444444444","1.539","mS"
"43033","0.4544560185185185","1.539","mS"
"43033","0.4544675925925926","1.539","mS"
"43033","0.4544791666666667","1.507","mS"
"43033","0.4544907407407408","1.507","mS"
"43033","0.4545023148148148","1.507","mS"
"43033","0.4545138888888889","1.507","mS"
"43033","0.454525462962963","1.507","mS"
"43033","0.454537037037037","1.506","mS"
"43033","0.4545486111111111","1.506","mS"
"43033","0.4545601851851852","1.551","mS"
"43033","0.4545717592592592","1.551","mS"
"43033","0.4545833333333333","1.551","mS"
"43033","0.4545949074074074","1.559","mS"
"43033","0.4546064814814815","1.559","mS"
"43033","0.4546180555555555","1.56","mS"
"43033","0.4546296296296297","1.56","mS"
"43033","0.4546412037037037","1.56","mS"
"43033","0.4546527777777778","1.559","mS"
"43033","0.4546643518518518","1.559","mS"
"43033","0.4546759259259259","1.561","mS"
"43033","0.4546875","1.561","mS"
"43033","0.4546990740740741","1.561","mS"
"43033","0.4547106481481482","1.559","mS"
"43033","0.4547222222222222","1.559","mS"
"43033","0.4547337962962963","1.559","mS"
"43033","0.4547453703703704","1.473","mS"
"43033","0.4547569444444444","1.473","mS"
"43033","0.4547685185185186","1.475","mS"
"43033","0.4547800925925926","1.475","mS"
"43033","0.4547916666666666","1.478","mS"
"43033","0.4548032407407407","1.478","mS"
"43033","0.4548148148148148","1.478","mS"
"43033","0.4548263888888889","1.509","mS"
"43033","0.4548379629629629","1.509","mS"
"43033","0.4548495370370371","1.537","mS"
"43033","0.4548611111111111","1.537","mS"
"43033","0.4548726851851852","1.537","mS"
"43033","0.4548842592592592","1.56","mS"
"43033","0.4548958333333333","1.56","mS"
"43033","0.4549074074074074","1.56","mS"
"43033","0.4549189814814815","1.574","mS"
"43033","0.4549305555555556","1.574","mS"
"43033","0.4549421296296297","1.567","mS"
"43033","0.4549537037037037","1.567","mS"
"43033","0.4549652777777778","1.484","mS"
"43033","0.4549768518518518","1.484","mS"
"43033","0.454988425925926","1.484","mS"
"43033","0.455","1.462","mS"
"43033","0.4550115740740741","1.462","mS"
"43033","0.4550231481481481","1.541","mS"
"43033","0.4550347222222222","1.541","mS"
"43033","0.4550462962962963","1.541","mS"
"43033","0.4550578703703703","1.594","mS"
"43033","0.4550694444444445","1.594","mS"
"43033","0.4550810185185185","1.606","mS"
"43033","0.4550925925925926","1.606","mS"
"43033","0.4551041666666666","1.606","mS"
"43033","0.4551157407407407","1.518","mS"
"43033","0.4551273148148148","1.518","mS"
"43033","0.4551388888888889","1.523","mS"
"43033","0.455150462962963","1.523","mS"
"43033","0.4551620370370371","1.523","mS"
"43033","0.4551736111111111","1.562","mS"
"43033","0.4551851851851852","1.562","mS"
"43033","0.4551967592592592","1.562","mS"
"43033","0.4552083333333334","1.578","mS"
"43033","0.4552199074074074","1.578","mS"
"43033","0.4552314814814815","1.562","mS"
"43033","0.4552430555555556","1.562","mS"
"43033","0.4552546296296296","1.439","mS"
"43033","0.4552662037037037","1.439","mS"
"43033","0.4552777777777777","1.439","mS"
"43033","0.4552893518518519","1.412","mS"
"43033","0.4553009259259259","1.412","mS"
"43033","0.4553125","1.473","mS"
"43033","0.455324074074074","1.473","mS"
"43033","0.4553356481481481","1.473","mS"
"43033","0.4553472222222222","1.47","mS"
"43033","0.4553587962962963","1.47","mS"
"43033","0.4553703703703704","1.403","mS"
"43033","0.4553819444444445","1.403","mS"
"43033","0.4553935185185185","1.417","mS"
"43033","0.4554050925925926","1.417","mS"
"43033","0.4554166666666666","1.417","mS"
"43033","0.4554282407407408","1.442","mS"
"43033","0.4554398148148148","1.442","mS"
"43033","0.4554513888888889","1.491","mS"
"43033","0.455462962962963","1.491","mS"
"43033","0.4554745370370371","1.491","mS"
"43033","0.4554861111111111","1.518","mS"
"43033","0.4554976851851851","1.518","mS"
"43033","0.4555092592592593","1.537","mS"
"43033","0.4555208333333333","1.537","mS"
"43033","0.4555324074074074","1.537","mS"
"43033","0.4555439814814815","1.557","mS"
"43033","0.4555555555555555","1.557","mS"
"43033","0.4555671296296296","1.571","mS"
"43033","0.4555787037037037","1.571","mS"
"43033","0.4555902777777778","1.586","mS"
"43033","0.4556018518518519","1.586","mS"
"43033","0.4556134259259259","1.586","mS"
"43033","0.455625","1.598","mS"
"43033","0.455636574074074","1.598","mS"
"43033","0.4556481481481482","1.598","mS"
"43033","0.4556597222222222","1.619","mS"
"43033","0.4556712962962963","1.619","mS"
"43033","0.4556828703703704","1.625","mS"
"43033","0.4556944444444445","1.625","mS"
"43033","0.4557060185185185","1.617","mS"
"43033","0.4557175925925926","1.617","mS"
"43033","0.4557291666666667","1.617","mS"
"43033","0.4557407407407407","1.61","mS"
"43033","0.4557523148148148","1.61","mS"
"43033","0.4557638888888889","1.606","mS"
"43033","0.455775462962963","1.606","mS"
"43033","0.455787037037037","1.606","mS"
"43033","0.4557986111111111","1.601","mS"
"43033","0.4558101851851852","1.601","mS"
"43033","0.4558217592592593","1.591","mS"
"43033","0.4558333333333333","1.591","mS"
"43033","0.4558449074074074","1.591","mS"
"43033","0.4558564814814814","1.585","mS"
"43033","0.4558680555555556","1.585","mS"
"43033","0.4558796296296296","1.584","mS"
"43033","0.4558912037037037","1.584","mS"
"43033","0.4559027777777778","1.584","mS"
"43033","0.4559143518518519","1.584","mS"
"43033","0.4559259259259259","1.584","mS"
"43033","0.4559375000000001","1.584","mS"
"43033","0.4559490740740741","1.595","mS"
"43033","0.4559606481481482","1.595","mS"
"43033","0.4559722222222222","1.618","mS"
"43033","0.4559837962962963","1.618","mS"
"43033","0.4559953703703704","1.612","mS"
"43033","0.4560069444444444","1.612","mS"
"43033","0.4560185185185185","1.612","mS"
"43033","0.4560300925925926","1.623","mS"
"43033","0.4560416666666667","1.623","mS"
"43033","0.4560532407407407","1.627","mS"
"43033","0.4560648148148148","1.627","mS"
"43033","0.4560763888888889","1.627","mS"
"43033","0.456087962962963","1.615","mS"
"43033","0.456099537037037","1.615","mS"
"43033","0.4561111111111111","1.615","mS"
"43033","0.4561226851851852","1.573","mS"
"43033","0.4561342592592593","1.573","mS"
"43033","0.4561458333333333","1.788","mS"
"43033","0.4561574074074075","1.788","mS"
"43033","0.4561689814814815","1.946","mS"
"43033","0.4561805555555556","1.946","mS"
"43033","0.4561921296296296","1.946","mS"
"43033","0.4562037037037037","1.948","mS"
"43033","0.4562152777777778","1.948","mS"
"43033","0.4562268518518518","1.948","mS"
"43033","0.456238425925926","1.948","mS"
"43033","0.45625","1.948","mS"
"43033","0.4562615740740741","1.948","mS"
"43033","0.4562731481481481","1.948","mS"
"43033","0.4562847222222222","1.948","mS"
"43033","0.4562962962962963","1.948","mS"
"43033","0.4563078703703704","1.948","mS"
"43033","0.4563194444444444","1.949","mS"
"43033","0.4563310185185185","1.949","mS"
"43033","0.4563425925925926","1.948","mS"
"43033","0.4563541666666667","1.948","mS"
"43033","0.4563657407407407","1.948","mS"
"43033","0.4563773148148149","1.949","mS"
"43033","0.4563888888888889","1.949","mS"
"43033","0.456400462962963","1.949","mS"
"43033","0.456412037037037","1.948","mS"
"43033","0.4564236111111111","1.948","mS"
"43033","0.4564351851851852","1.949","mS"
"43033","0.4564467592592592","1.949","mS"
"43033","0.4564583333333334","1.948","mS"
"43033","0.4564699074074074","1.948","mS"
"43033","0.4564814814814815","1.948","mS"
"43033","0.4564930555555555","1.948","mS"
"43033","0.4565046296296296","1.948","mS"
"43033","0.4565162037037037","1.948","mS"
"43033","0.4565277777777778","1.948","mS"
"43033","0.4565393518518518","1.948","mS"
"43033","0.4565509259259259","1.948","mS"
"43033","0.4565625","1.948","mS"
"43033","0.4565740740740741","1.948","mS"
"43033","0.4565856481481481","1.947","mS"
"43033","0.4565972222222223","1.947","mS"
"43033","0.4566087962962963","1.948","mS"
"43033","0.4566203703703704","1.948","mS"
"43033","0.4566666666666667","1.914","mS"
